-- MariaDB dump 10.17  Distrib 10.4.15-MariaDB, for Linux (x86_64)
--
-- Host: mysql.hostinger.ro    Database: u574849695_21
-- ------------------------------------------------------
-- Server version	10.4.15-MariaDB-cll-lve

/*!40101 SET @OLD_CHARACTER_SET_CLIENT=@@CHARACTER_SET_CLIENT */;
/*!40101 SET @OLD_CHARACTER_SET_RESULTS=@@CHARACTER_SET_RESULTS */;
/*!40101 SET @OLD_COLLATION_CONNECTION=@@COLLATION_CONNECTION */;
/*!40101 SET NAMES utf8mb4 */;
/*!40103 SET @OLD_TIME_ZONE=@@TIME_ZONE */;
/*!40103 SET TIME_ZONE='+00:00' */;
/*!40014 SET @OLD_UNIQUE_CHECKS=@@UNIQUE_CHECKS, UNIQUE_CHECKS=0 */;
/*!40014 SET @OLD_FOREIGN_KEY_CHECKS=@@FOREIGN_KEY_CHECKS, FOREIGN_KEY_CHECKS=0 */;
/*!40101 SET @OLD_SQL_MODE=@@SQL_MODE, SQL_MODE='NO_AUTO_VALUE_ON_ZERO' */;
/*!40111 SET @OLD_SQL_NOTES=@@SQL_NOTES, SQL_NOTES=0 */;

--
-- Table structure for table `album_music`
--

DROP TABLE IF EXISTS `album_music`;
/*!40101 SET @saved_cs_client     = @@character_set_client */;
/*!40101 SET character_set_client = utf8 */;
CREATE TABLE `album_music` (
  `id` bigint(20) unsigned NOT NULL AUTO_INCREMENT,
  `album_name` varchar(50) COLLATE utf8mb4_unicode_ci DEFAULT NULL,
  PRIMARY KEY (`id`),
  UNIQUE KEY `id` (`id`)
) ENGINE=InnoDB AUTO_INCREMENT=101 DEFAULT CHARSET=utf8mb4 COLLATE=utf8mb4_unicode_ci;
/*!40101 SET character_set_client = @saved_cs_client */;

--
-- Dumping data for table `album_music`
--

LOCK TABLES `album_music` WRITE;
/*!40000 ALTER TABLE `album_music` DISABLE KEYS */;
INSERT INTO `album_music` VALUES (1,'nihil'),(2,'harum'),(3,'et'),(4,'ea'),(5,'error'),(6,'occaecati'),(7,'harum'),(8,'eos'),(9,'neque'),(10,'eos'),(11,'officiis'),(12,'amet'),(13,'pariatur'),(14,'nisi'),(15,'voluptatem'),(16,'tenetur'),(17,'accusamus'),(18,'nihil'),(19,'et'),(20,'esse'),(21,'deleniti'),(22,'ratione'),(23,'dignissimos'),(24,'porro'),(25,'a'),(26,'fuga'),(27,'voluptatum'),(28,'nihil'),(29,'magnam'),(30,'dolores'),(31,'repellat'),(32,'et'),(33,'architecto'),(34,'ratione'),(35,'aut'),(36,'consequuntur'),(37,'consequuntur'),(38,'veritatis'),(39,'molestias'),(40,'consequatur'),(41,'eos'),(42,'quos'),(43,'placeat'),(44,'hic'),(45,'doloremque'),(46,'ut'),(47,'voluptatem'),(48,'recusandae'),(49,'delectus'),(50,'minus'),(51,'incidunt'),(52,'ipsum'),(53,'consequatur'),(54,'mollitia'),(55,'maiores'),(56,'quibusdam'),(57,'et'),(58,'sint'),(59,'at'),(60,'quis'),(61,'eum'),(62,'sunt'),(63,'velit'),(64,'autem'),(65,'eligendi'),(66,'ut'),(67,'quo'),(68,'dolor'),(69,'nihil'),(70,'ipsam'),(71,'officia'),(72,'ex'),(73,'esse'),(74,'ratione'),(75,'delectus'),(76,'est'),(77,'at'),(78,'in'),(79,'sint'),(80,'delectus'),(81,'voluptatem'),(82,'fugiat'),(83,'omnis'),(84,'ducimus'),(85,'incidunt'),(86,'aut'),(87,'officiis'),(88,'voluptates'),(89,'enim'),(90,'repellat'),(91,'ut'),(92,'qui'),(93,'omnis'),(94,'nihil'),(95,'ipsam'),(96,'rerum'),(97,'qui'),(98,'voluptatem'),(99,'ea'),(100,'at');
/*!40000 ALTER TABLE `album_music` ENABLE KEYS */;
UNLOCK TABLES;

--
-- Table structure for table `communities`
--

DROP TABLE IF EXISTS `communities`;
/*!40101 SET @saved_cs_client     = @@character_set_client */;
/*!40101 SET character_set_client = utf8 */;
CREATE TABLE `communities` (
  `id` bigint(20) unsigned NOT NULL AUTO_INCREMENT,
  `name` varchar(150) COLLATE utf8mb4_unicode_ci DEFAULT NULL,
  `admin_user_id` bigint(20) unsigned DEFAULT NULL,
  PRIMARY KEY (`id`),
  KEY `communities_name_idx` (`name`),
  KEY `admin_user_id` (`admin_user_id`),
  CONSTRAINT `communities_ibfk_1` FOREIGN KEY (`admin_user_id`) REFERENCES `users` (`id`) ON DELETE SET NULL ON UPDATE CASCADE
) ENGINE=InnoDB AUTO_INCREMENT=101 DEFAULT CHARSET=utf8mb4 COLLATE=utf8mb4_unicode_ci;
/*!40101 SET character_set_client = @saved_cs_client */;

--
-- Dumping data for table `communities`
--

LOCK TABLES `communities` WRITE;
/*!40000 ALTER TABLE `communities` DISABLE KEYS */;
INSERT INTO `communities` VALUES (1,'perferendis',1),(2,'est',2),(3,'nihil',3),(4,'ex',4),(5,'qui',5),(6,'provident',6),(7,'maxime',7),(8,'ex',8),(9,'aperiam',9),(10,'at',10),(11,'voluptas',11),(12,'nam',12),(13,'aut',13),(14,'omnis',14),(15,'recusandae',15),(16,'delectus',16),(17,'fugiat',17),(18,'totam',18),(19,'nisi',19),(20,'ea',20),(21,'ab',21),(22,'asperiores',22),(23,'est',23),(24,'nisi',24),(25,'itaque',25),(26,'corrupti',26),(27,'quam',27),(28,'et',28),(29,'nam',29),(30,'recusandae',30),(31,'sint',31),(32,'impedit',32),(33,'eligendi',33),(34,'quis',34),(35,'repudiandae',35),(36,'nam',36),(37,'eos',37),(38,'voluptas',38),(39,'est',39),(40,'id',40),(41,'itaque',41),(42,'aliquam',42),(43,'veniam',43),(44,'mollitia',44),(45,'pariatur',45),(46,'aut',46),(47,'qui',47),(48,'hic',48),(49,'vero',49),(50,'dolor',50),(51,'ut',51),(52,'maxime',52),(53,'et',53),(54,'ut',54),(55,'culpa',55),(56,'eum',56),(57,'eius',57),(58,'nisi',58),(59,'nemo',59),(60,'ut',60),(61,'amet',61),(62,'sunt',62),(63,'dignissimos',63),(64,'non',64),(65,'officia',65),(66,'sit',66),(67,'error',67),(68,'consequatur',68),(69,'quae',69),(70,'vel',70),(71,'sed',71),(72,'et',72),(73,'sit',73),(74,'quia',74),(75,'aut',75),(76,'consequatur',76),(77,'ut',77),(78,'et',78),(79,'architecto',79),(80,'saepe',80),(81,'nobis',81),(82,'unde',82),(83,'dolor',83),(84,'doloribus',84),(85,'perferendis',85),(86,'tempore',86),(87,'natus',87),(88,'sequi',88),(89,'rerum',89),(90,'vel',90),(91,'sed',91),(92,'esse',92),(93,'et',93),(94,'molestias',94),(95,'maiores',95),(96,'eaque',96),(97,'rerum',97),(98,'reprehenderit',98),(99,'natus',99),(100,'et',100);
/*!40000 ALTER TABLE `communities` ENABLE KEYS */;
UNLOCK TABLES;

--
-- Table structure for table `friend_requests`
--

DROP TABLE IF EXISTS `friend_requests`;
/*!40101 SET @saved_cs_client     = @@character_set_client */;
/*!40101 SET character_set_client = utf8 */;
CREATE TABLE `friend_requests` (
  `initiator_user_id` bigint(20) unsigned NOT NULL,
  `target_user_id` bigint(20) unsigned NOT NULL,
  `status` enum('requested','approved','declined','unfriended') COLLATE utf8mb4_unicode_ci DEFAULT NULL,
  `requested_at` datetime DEFAULT current_timestamp(),
  `updated_id` datetime DEFAULT NULL ON UPDATE current_timestamp(),
  PRIMARY KEY (`initiator_user_id`,`target_user_id`),
  KEY `target_user_id` (`target_user_id`),
  CONSTRAINT `friend_requests_ibfk_1` FOREIGN KEY (`initiator_user_id`) REFERENCES `users` (`id`),
  CONSTRAINT `friend_requests_ibfk_2` FOREIGN KEY (`target_user_id`) REFERENCES `users` (`id`)
) ENGINE=InnoDB DEFAULT CHARSET=utf8mb4 COLLATE=utf8mb4_unicode_ci;
/*!40101 SET character_set_client = @saved_cs_client */;

--
-- Dumping data for table `friend_requests`
--

LOCK TABLES `friend_requests` WRITE;
/*!40000 ALTER TABLE `friend_requests` DISABLE KEYS */;
INSERT INTO `friend_requests` VALUES (1,1,'requested','1976-04-12 06:19:51','2013-09-29 12:30:19'),(2,2,'declined','1977-12-18 05:31:11','2011-06-28 12:02:17'),(3,3,'unfriended','1980-10-02 06:51:28','1981-04-01 05:21:13'),(4,4,'requested','2007-09-27 20:51:23','1997-05-15 11:00:16'),(5,5,'unfriended','1993-12-12 16:48:48','2000-12-08 12:57:19'),(6,6,'unfriended','1984-12-11 23:37:10','1984-06-07 23:26:21'),(7,7,'declined','1977-04-17 06:30:32','2014-11-15 13:39:33'),(8,8,'unfriended','2017-08-09 00:32:58','2010-01-31 04:06:14'),(9,9,'approved','2013-02-16 00:45:26','2018-05-17 13:21:03'),(10,10,'requested','1997-09-29 04:26:51','1991-07-10 08:46:28'),(11,11,'declined','1978-02-27 10:04:17','1989-12-11 01:13:06'),(12,12,'unfriended','1992-04-20 10:00:35','1981-01-02 14:14:57'),(13,13,'requested','2016-11-03 18:08:05','1986-11-12 22:51:06'),(14,14,'unfriended','1977-09-19 02:13:47','1979-06-25 17:01:27'),(15,15,'declined','2015-08-06 04:35:53','1974-01-23 01:59:55'),(16,16,'declined','1973-07-16 00:20:52','1975-12-15 01:13:30'),(17,17,'approved','1982-06-11 05:26:37','2016-10-12 03:21:11'),(18,18,'approved','1970-05-24 17:26:14','2000-02-08 14:36:06'),(19,19,'requested','1974-05-20 08:22:21','1994-02-05 15:50:19'),(20,20,'declined','2004-07-20 07:27:21','2008-04-12 06:03:02'),(21,21,'requested','1979-10-18 19:29:08','2011-08-27 02:27:18'),(22,22,'declined','2004-07-12 23:16:58','2000-09-08 10:54:46'),(23,23,'approved','2001-02-08 14:27:10','2011-11-21 03:37:18'),(24,24,'approved','2005-07-26 04:16:48','2018-10-22 19:57:12'),(25,25,'approved','2016-04-07 06:13:17','2020-01-20 17:03:37'),(26,26,'unfriended','1978-09-17 09:05:40','2014-07-08 07:03:36'),(27,27,'approved','1981-08-20 03:35:17','1996-12-11 04:25:30'),(28,28,'declined','1998-05-16 05:01:30','1983-08-16 23:13:23'),(29,29,'declined','1991-04-18 19:18:27','1991-04-28 11:24:40'),(30,30,'approved','1986-05-21 02:05:56','2009-09-14 21:26:29'),(31,31,'declined','2018-05-20 14:25:23','1996-04-24 19:41:20'),(32,32,'requested','1990-06-26 08:07:24','2005-11-06 21:44:49'),(33,33,'approved','1977-11-06 13:38:38','1991-10-26 00:17:50'),(34,34,'requested','2001-12-05 23:18:42','1984-11-02 20:15:57'),(35,35,'approved','1980-03-16 17:34:16','2010-01-27 10:01:05'),(36,36,'declined','1994-05-21 14:38:48','1991-08-19 01:54:18'),(37,37,'requested','2001-06-23 07:53:21','2021-03-12 17:47:04'),(38,38,'unfriended','1982-11-10 10:00:30','1988-08-25 00:53:04'),(39,39,'approved','2000-07-21 03:29:41','2019-09-13 00:03:25'),(40,40,'approved','1978-08-14 23:42:43','2019-07-03 07:25:05'),(41,41,'unfriended','1987-04-25 02:18:05','1989-02-24 10:36:05'),(42,42,'approved','1979-06-21 19:48:45','1975-02-20 03:44:47'),(43,43,'approved','1989-09-22 12:51:18','2003-11-29 10:56:27'),(44,44,'declined','2005-12-19 06:08:50','1991-12-29 03:28:19'),(45,45,'declined','1988-12-10 22:36:30','2002-05-23 15:59:00'),(46,46,'declined','2019-08-20 06:45:25','2020-12-26 05:50:02'),(47,47,'requested','1983-12-07 23:30:20','2014-01-09 22:51:23'),(48,48,'unfriended','2011-06-22 07:08:36','1994-10-27 05:46:41'),(49,49,'declined','1994-12-29 04:51:00','1992-10-04 17:20:06'),(50,50,'unfriended','1983-06-30 21:46:44','2010-02-09 12:31:29'),(51,51,'unfriended','1988-10-22 06:31:43','1980-11-28 21:04:16'),(52,52,'declined','1992-10-27 17:08:48','1994-05-24 11:57:04'),(53,53,'approved','1976-09-24 01:02:46','2007-10-13 07:26:42'),(54,54,'declined','2016-01-31 08:13:19','1983-02-17 23:38:23'),(55,55,'requested','1970-04-17 00:58:59','1986-02-08 21:35:25'),(56,56,'unfriended','1991-12-17 12:26:53','1988-10-08 19:25:22'),(57,57,'requested','2021-01-01 06:29:18','2008-11-14 05:09:37'),(58,58,'requested','2013-01-14 18:03:08','1998-06-01 01:55:56'),(59,59,'unfriended','2005-07-15 14:07:25','2018-10-30 06:05:25'),(60,60,'approved','1990-09-24 06:02:37','1995-04-08 06:18:58'),(61,61,'unfriended','1997-09-07 16:37:46','1989-04-01 16:25:41'),(62,62,'unfriended','2017-09-29 09:26:00','2005-01-21 18:06:16'),(63,63,'approved','1993-11-08 17:24:28','1976-11-17 13:17:12'),(64,64,'requested','1978-04-26 17:49:13','2017-08-28 17:38:52'),(65,65,'requested','2016-01-26 19:02:09','1979-01-11 23:21:34'),(66,66,'unfriended','1985-06-24 10:59:28','1977-06-10 17:20:42'),(67,67,'declined','2004-07-30 22:14:40','1972-08-01 04:34:54'),(68,68,'unfriended','1979-06-06 15:19:52','2010-08-07 12:16:36'),(69,69,'requested','1973-11-22 09:15:23','1986-05-18 14:15:21'),(70,70,'declined','1991-11-03 00:07:23','2016-03-26 12:48:02'),(71,71,'approved','1999-10-10 09:07:48','1979-09-30 12:07:12'),(72,72,'approved','2013-06-12 11:03:14','1972-08-08 18:47:55'),(73,73,'unfriended','1981-06-28 14:30:35','2008-02-12 02:46:48'),(74,74,'requested','1993-10-17 21:10:50','2011-06-22 02:57:40'),(75,75,'requested','1970-12-27 06:47:52','1996-06-30 23:39:29'),(76,76,'approved','1998-12-01 13:29:02','2012-11-14 07:04:59'),(77,77,'declined','2020-10-24 16:51:34','1973-12-06 02:38:43'),(78,78,'unfriended','2020-06-17 04:05:17','1978-11-13 00:54:45'),(79,79,'approved','1992-08-06 08:11:39','2017-06-01 08:20:57'),(80,80,'requested','2015-04-29 15:06:30','1984-07-30 00:30:32'),(81,81,'approved','1976-10-02 17:22:09','1986-07-21 13:56:56'),(82,82,'requested','1989-02-25 07:28:47','1992-01-30 00:38:56'),(83,83,'requested','1970-12-11 15:41:49','1977-11-03 03:20:20'),(84,84,'approved','2003-09-15 06:52:55','2005-02-19 11:34:41'),(85,85,'approved','1988-01-24 21:23:28','1999-01-06 17:01:36'),(86,86,'declined','2015-08-22 00:16:18','2018-08-31 22:23:57'),(87,87,'approved','2007-06-02 05:52:30','1991-09-20 04:10:16'),(88,88,'approved','1998-09-03 13:33:46','1979-01-23 01:39:57'),(89,89,'requested','1987-09-26 12:15:05','2013-11-01 15:45:28'),(90,90,'declined','1993-05-09 06:43:10','2017-10-12 22:28:50'),(91,91,'unfriended','2001-05-23 13:40:21','1992-06-28 02:04:41'),(92,92,'unfriended','1979-07-24 21:28:45','1981-08-29 12:06:10'),(93,93,'declined','1984-06-26 00:44:17','1971-07-31 21:07:19'),(94,94,'declined','2011-03-12 18:24:16','1999-01-26 20:29:13'),(95,95,'unfriended','1982-11-01 14:07:13','1991-09-25 16:42:36'),(96,96,'declined','2000-05-24 04:35:16','2009-05-05 23:46:11'),(97,97,'approved','1990-02-23 22:18:51','2013-08-01 20:21:08'),(98,98,'requested','1972-12-24 22:45:38','2008-03-19 20:30:59'),(99,99,'requested','1999-10-26 18:00:07','2007-10-21 18:37:24'),(100,100,'unfriended','1993-09-22 03:58:20','2005-08-04 23:40:23');
/*!40000 ALTER TABLE `friend_requests` ENABLE KEYS */;
UNLOCK TABLES;

--
-- Table structure for table `likes`
--

DROP TABLE IF EXISTS `likes`;
/*!40101 SET @saved_cs_client     = @@character_set_client */;
/*!40101 SET character_set_client = utf8 */;
CREATE TABLE `likes` (
  `id` bigint(20) unsigned NOT NULL AUTO_INCREMENT,
  `user_id` bigint(20) unsigned NOT NULL,
  `media_id` bigint(20) unsigned NOT NULL,
  `created_at` datetime DEFAULT current_timestamp(),
  PRIMARY KEY (`id`),
  KEY `user_id` (`user_id`),
  KEY `media_id` (`media_id`),
  CONSTRAINT `likes_ibfk_1` FOREIGN KEY (`user_id`) REFERENCES `users` (`id`) ON DELETE CASCADE ON UPDATE CASCADE,
  CONSTRAINT `likes_ibfk_2` FOREIGN KEY (`media_id`) REFERENCES `media` (`id`) ON DELETE CASCADE ON UPDATE CASCADE
) ENGINE=InnoDB AUTO_INCREMENT=101 DEFAULT CHARSET=utf8mb4 COLLATE=utf8mb4_unicode_ci;
/*!40101 SET character_set_client = @saved_cs_client */;

--
-- Dumping data for table `likes`
--

LOCK TABLES `likes` WRITE;
/*!40000 ALTER TABLE `likes` DISABLE KEYS */;
INSERT INTO `likes` VALUES (1,1,1,'2011-01-29 10:45:44'),(2,2,2,'2004-11-12 22:45:54'),(3,3,3,'2010-03-09 13:48:20'),(4,4,4,'1998-01-28 17:30:47'),(5,5,5,'1979-03-11 04:40:37'),(6,6,6,'2005-08-11 07:10:27'),(7,7,7,'1989-05-03 21:07:53'),(8,8,8,'1988-05-17 06:14:56'),(9,9,9,'1983-12-30 13:18:52'),(10,10,10,'2019-04-28 18:40:59'),(11,11,11,'2015-03-03 14:28:25'),(12,12,12,'1999-01-02 18:25:41'),(13,13,13,'1995-10-04 18:20:33'),(14,14,14,'1989-08-08 08:44:33'),(15,15,15,'1987-07-05 01:01:13'),(16,16,16,'2014-12-29 02:46:16'),(17,17,17,'1970-12-15 13:45:40'),(18,18,18,'1993-12-23 15:25:14'),(19,19,19,'1991-06-25 09:33:13'),(20,20,20,'1982-11-11 15:09:49'),(21,21,21,'1983-06-14 18:23:02'),(22,22,22,'1986-10-20 14:33:14'),(23,23,23,'1988-05-29 18:46:34'),(24,24,24,'1999-08-30 14:23:43'),(25,25,25,'2020-12-05 23:13:35'),(26,26,26,'1994-01-17 07:12:40'),(27,27,27,'1976-06-27 07:05:32'),(28,28,28,'1972-06-06 16:59:53'),(29,29,29,'1971-10-09 12:25:21'),(30,30,30,'1980-08-21 21:03:15'),(31,31,31,'1970-11-22 09:03:42'),(32,32,32,'1985-03-13 18:48:15'),(33,33,33,'1979-08-24 16:24:54'),(34,34,34,'2007-10-23 11:33:34'),(35,35,35,'1972-12-23 01:06:01'),(36,36,36,'1988-08-04 18:56:56'),(37,37,37,'2000-06-20 10:46:18'),(38,38,38,'2015-11-24 02:30:22'),(39,39,39,'1988-01-19 13:02:35'),(40,40,40,'2011-09-29 03:47:39'),(41,41,41,'1976-12-03 14:40:08'),(42,42,42,'2007-07-03 07:36:27'),(43,43,43,'2020-09-16 09:12:51'),(44,44,44,'2006-10-12 13:32:51'),(45,45,45,'2004-10-09 07:04:04'),(46,46,46,'1970-12-09 03:42:46'),(47,47,47,'1977-03-18 00:20:03'),(48,48,48,'2004-10-26 08:03:10'),(49,49,49,'2011-05-26 07:05:20'),(50,50,50,'2019-06-03 07:58:25'),(51,51,51,'1976-12-10 06:23:43'),(52,52,52,'2002-01-17 17:55:56'),(53,53,53,'2005-12-06 01:59:35'),(54,54,54,'2000-09-15 07:44:20'),(55,55,55,'2002-05-09 13:27:14'),(56,56,56,'1983-04-02 00:58:55'),(57,57,57,'2008-07-25 06:35:09'),(58,58,58,'2014-08-26 06:37:03'),(59,59,59,'1990-12-25 12:20:00'),(60,60,60,'1976-01-15 22:28:23'),(61,61,61,'2015-04-12 18:48:10'),(62,62,62,'2005-05-25 10:42:04'),(63,63,63,'1975-03-25 20:54:07'),(64,64,64,'2006-12-19 18:13:31'),(65,65,65,'1972-04-01 20:51:32'),(66,66,66,'1982-11-29 22:11:01'),(67,67,67,'1994-09-27 08:20:29'),(68,68,68,'1985-08-05 00:59:50'),(69,69,69,'1989-05-24 22:34:46'),(70,70,70,'1998-08-21 20:20:49'),(71,71,71,'1998-03-08 15:12:36'),(72,72,72,'2005-01-22 14:44:21'),(73,73,73,'1984-02-24 01:57:47'),(74,74,74,'2015-10-29 14:26:07'),(75,75,75,'2016-09-29 07:32:11'),(76,76,76,'1978-04-15 22:01:37'),(77,77,77,'1998-08-09 13:48:13'),(78,78,78,'2002-03-26 03:16:57'),(79,79,79,'1994-04-22 22:17:05'),(80,80,80,'1992-05-24 14:06:17'),(81,81,81,'1993-12-17 00:46:34'),(82,82,82,'1973-10-16 13:49:24'),(83,83,83,'1975-08-21 17:20:11'),(84,84,84,'1972-11-22 19:10:46'),(85,85,85,'1972-01-22 22:21:45'),(86,86,86,'1979-06-24 18:49:20'),(87,87,87,'2011-11-15 13:27:29'),(88,88,88,'1994-12-14 05:35:05'),(89,89,89,'1980-11-27 02:30:56'),(90,90,90,'2008-10-27 17:25:10'),(91,91,91,'2002-04-21 15:10:07'),(92,92,92,'1987-09-12 22:46:24'),(93,93,93,'2015-04-04 16:28:14'),(94,94,94,'2002-06-29 15:24:06'),(95,95,95,'1987-08-09 10:38:26'),(96,96,96,'2015-12-24 21:07:55'),(97,97,97,'2006-12-13 22:18:46'),(98,98,98,'1989-05-20 18:05:28'),(99,99,99,'1982-12-31 18:55:25'),(100,100,100,'2015-04-27 19:32:31');
/*!40000 ALTER TABLE `likes` ENABLE KEYS */;
UNLOCK TABLES;

--
-- Table structure for table `media`
--

DROP TABLE IF EXISTS `media`;
/*!40101 SET @saved_cs_client     = @@character_set_client */;
/*!40101 SET character_set_client = utf8 */;
CREATE TABLE `media` (
  `id` bigint(20) unsigned NOT NULL AUTO_INCREMENT,
  `user_id` bigint(20) unsigned NOT NULL,
  `body` text COLLATE utf8mb4_unicode_ci DEFAULT NULL,
  `filename` varchar(255) COLLATE utf8mb4_unicode_ci DEFAULT NULL,
  `size` int(11) DEFAULT NULL,
  `metadata` longtext CHARACTER SET utf8mb4 COLLATE utf8mb4_bin DEFAULT NULL CHECK (json_valid(`metadata`)),
  `media_type_id` bigint(20) unsigned DEFAULT NULL,
  `created_at` datetime DEFAULT current_timestamp(),
  `updated_at` datetime DEFAULT current_timestamp() ON UPDATE current_timestamp(),
  PRIMARY KEY (`id`),
  KEY `user_id` (`user_id`),
  KEY `media_type_id` (`media_type_id`),
  CONSTRAINT `media_ibfk_1` FOREIGN KEY (`user_id`) REFERENCES `users` (`id`),
  CONSTRAINT `media_ibfk_2` FOREIGN KEY (`media_type_id`) REFERENCES `media_types` (`id`) ON DELETE SET NULL ON UPDATE CASCADE
) ENGINE=InnoDB AUTO_INCREMENT=101 DEFAULT CHARSET=utf8mb4 COLLATE=utf8mb4_unicode_ci;
/*!40101 SET character_set_client = @saved_cs_client */;

--
-- Dumping data for table `media`
--

LOCK TABLES `media` WRITE;
/*!40000 ALTER TABLE `media` DISABLE KEYS */;
INSERT INTO `media` VALUES (1,1,'Et quo quia soluta et maxime sequi. Ratione eveniet laborum nihil quaerat. Repudiandae quibusdam voluptatum quis vel qui repellat et.','aspernatur',9,NULL,1,'2013-10-15 11:03:13','2010-11-27 23:26:17'),(2,2,'Repellat illo sit ea consequuntur. Ullam cumque aut veniam dolores amet quo excepturi. Id voluptate consectetur ex earum rerum velit libero.','fuga',1226,NULL,2,'2013-07-16 09:42:05','1972-05-26 14:39:17'),(3,3,'Praesentium qui doloremque quo sint molestiae dolor. Molestiae tempore esse vitae. Vitae est necessitatibus non quia qui.','qui',6351,NULL,3,'2013-08-01 04:08:27','1996-05-13 23:00:13'),(4,4,'Et harum explicabo unde dolorum. Qui culpa quisquam impedit voluptas. Est sapiente incidunt quis.','aspernatur',327642026,NULL,4,'1997-12-28 13:32:40','2016-07-26 04:14:19'),(5,5,'Eos cupiditate cum iusto qui magnam magnam autem. Ut dolores consequatur in ut illum sunt iste. Ab qui autem consequuntur magni. Minus voluptas unde est eligendi dolore consequuntur. Odio vero autem a quasi.','sit',92787,NULL,5,'1997-06-11 08:58:31','2002-10-21 03:42:18'),(6,6,'Aspernatur molestiae quidem et accusamus in iure odit. Ipsum voluptate sit ut magni ut iure. Quia omnis saepe perferendis pariatur voluptates a.','molestias',16,NULL,6,'2003-12-06 19:13:14','1988-01-13 00:42:12'),(7,7,'Vitae rerum odit sit cum vel. Aut sunt quaerat quod. Et provident similique aut labore provident. Ut aut qui sint et quo ex voluptatem.','minus',685078,NULL,7,'1981-12-23 21:13:27','1997-10-31 01:01:21'),(8,8,'Est asperiores eos non quaerat numquam quasi eaque odit. Non laudantium sunt quasi sunt in reprehenderit. Maiores sed nihil eos quia in provident velit.','ipsa',6412749,NULL,8,'1987-11-22 23:56:55','1971-10-01 17:36:09'),(9,9,'Consequatur consequatur eius deserunt omnis. Repudiandae magnam culpa est dolores cumque mollitia quo. Commodi minima quam autem consequatur illum. Et deserunt atque aliquam dolore facere atque nisi libero.','cum',8447,NULL,9,'2007-10-20 04:05:08','1999-07-17 08:42:43'),(10,10,'Nihil voluptate odio voluptatem non dolorem quo. Ex dolorem est eum voluptas perspiciatis. Voluptas quas assumenda maiores. Atque iusto quia vitae voluptatem.','et',545612,NULL,10,'1976-07-15 12:00:14','1995-09-06 00:54:22'),(11,11,'Dolores odio culpa aperiam voluptas similique. Et velit aperiam neque accusamus autem. Quibusdam est alias consequatur quisquam. Rem dolor et ipsum aliquam repudiandae sed unde. Consequatur blanditiis aliquid et possimus quam voluptates.','vel',65503,NULL,11,'1973-02-07 13:22:10','2014-12-07 05:44:31'),(12,12,'Dolores incidunt odio in eaque voluptatem et enim. Quod dolores facere in tempora. Tempore culpa voluptates ex ea.','et',2532169,NULL,12,'2018-05-30 16:52:39','1977-05-31 10:26:18'),(13,13,'Ab itaque distinctio sit vel porro repellat. Veritatis nostrum dolor assumenda in. Quam voluptates autem rerum aliquid quibusdam consequatur rerum tempora. Vel omnis qui voluptates dolorum quaerat.','qui',2501621,NULL,13,'1979-05-31 09:07:18','1988-04-10 19:23:39'),(14,14,'Velit eum amet minus aut sed deserunt. Minima maxime est a sint ut. Rerum veniam aut aut nulla id aliquam. Ut libero similique cumque iure.','ipsa',84494,NULL,14,'1983-05-26 15:12:00','1973-03-15 22:25:38'),(15,15,'Voluptas tempore necessitatibus rerum. Officiis tempore dolore labore. Et omnis nulla natus eos. Adipisci animi vel quidem accusamus ipsa quaerat.','tempore',1,NULL,15,'1970-01-16 00:20:51','1983-07-16 20:08:35'),(16,16,'Ipsa itaque minus quia mollitia maxime natus molestiae et. Non recusandae aut perferendis recusandae. Dolor voluptate pariatur et est et occaecati esse. Sed accusantium voluptatem aut consequatur et.','ut',88,NULL,16,'1987-05-19 05:21:47','2004-12-21 20:37:13'),(17,17,'Ab commodi reiciendis aliquam maxime aut delectus corrupti consectetur. Sit recusandae laborum consequatur quaerat fuga fugit occaecati. Natus enim nihil dolorum hic est. Ipsum veritatis ea occaecati delectus ipsam et.','repudiandae',13610058,NULL,17,'1980-02-02 07:39:49','1989-03-05 11:40:36'),(18,18,'Cum mollitia voluptas sit tempore debitis omnis non est. Sequi alias tempora sed ea facilis facere nemo laboriosam. Et omnis unde sed eos temporibus ut autem.','a',2465973,NULL,18,'1978-08-20 08:42:54','2006-03-04 08:21:20'),(19,19,'Nulla commodi magnam voluptatem iure laboriosam illo vel. Magnam voluptas quod autem et cupiditate soluta commodi. Aut et vel itaque totam rerum est. Ut quia sint tenetur est mollitia.','dolor',6462,NULL,19,'1983-12-28 07:20:45','1998-09-29 01:45:14'),(20,20,'Nihil et dolor natus et molestias. Blanditiis at labore sunt vero. At quia voluptas laboriosam labore nisi dolorum sed consequatur. In voluptatem quo repellat id eius placeat. Doloribus repudiandae et fugiat doloremque.','repudiandae',795,NULL,20,'1984-06-24 18:31:13','1989-08-30 20:49:17'),(21,21,'Minus recusandae dicta temporibus ea. Commodi expedita eius ex repellat numquam.','nemo',5490,NULL,21,'1978-06-17 13:15:49','2001-09-06 09:04:01'),(22,22,'Dolorum ipsam tempore quisquam dignissimos ullam. Reprehenderit at aut facere distinctio quia voluptates maxime. Non pariatur omnis beatae et est temporibus.','deleniti',69128008,NULL,22,'2016-11-01 19:31:03','1989-10-24 05:54:34'),(23,23,'Reiciendis optio quisquam fugiat voluptatem ullam fugit odit. Est ut eaque et aut. Eligendi explicabo sit et fuga et dolorem.','omnis',17595077,NULL,23,'1992-08-25 01:33:29','2008-06-03 17:43:37'),(24,24,'Voluptatem fugiat saepe voluptatem modi quas itaque reiciendis. Totam voluptatibus nulla magnam nobis. Ad voluptas voluptas aperiam sint nostrum dolore. Culpa dolores incidunt eligendi praesentium eum dolorum aut.','aut',22849,NULL,24,'2013-03-21 12:00:23','1996-04-28 17:17:07'),(25,25,'Sunt commodi at ab aperiam perferendis. Ut harum quos quo vel veritatis quia necessitatibus. Modi vitae alias quaerat minima odio deserunt.','tempora',47430464,NULL,25,'2001-04-17 18:42:32','1985-06-17 03:52:39'),(26,26,'Voluptatem eveniet error voluptatibus eveniet. Sint nostrum aut quae. Placeat debitis eius recusandae sit et sed est.','architecto',2241,NULL,26,'1993-02-01 23:35:45','2006-06-30 02:23:41'),(27,27,'Iusto qui sed eos asperiores voluptas eaque vel et. Corporis neque voluptatum quibusdam mollitia quis. Ab mollitia sit quo aut in. Hic doloribus consequatur quo nulla ea.','sed',6,NULL,27,'1974-11-12 18:51:51','1980-09-06 13:48:42'),(28,28,'Id eligendi tenetur necessitatibus praesentium sint labore. Autem optio quos possimus consectetur culpa vel. Quis repellendus asperiores et. Ad aut eligendi debitis blanditiis quidem. Error repellendus quaerat consectetur accusantium amet et accusamus.','sed',3187087,NULL,28,'1975-07-25 13:35:59','2015-09-28 23:12:27'),(29,29,'Sit reiciendis sed eaque accusamus maiores ducimus. Ut molestiae ratione repellendus corrupti unde. Et illo omnis omnis dolorem et sint vitae.','aut',42,NULL,29,'1999-11-20 20:30:43','2011-10-07 21:46:41'),(30,30,'Perspiciatis non quod voluptas placeat iusto facilis id reiciendis. Velit dolores id earum amet praesentium numquam accusantium. Ea laborum nam soluta sunt rerum asperiores. Laudantium quam quam voluptas sint suscipit.','dolores',72382065,NULL,30,'2004-11-03 23:08:19','1985-06-25 03:28:41'),(31,31,'Veniam rerum sint nostrum similique aut. Eos esse et eum natus in rem deleniti. Nulla perferendis nostrum modi autem molestiae. Quia praesentium sint itaque debitis provident.','et',0,NULL,31,'1996-05-07 14:45:37','2017-10-01 05:40:33'),(32,32,'Ut laudantium soluta quam deleniti. Magnam nesciunt omnis perspiciatis.','quia',0,NULL,32,'1979-04-11 04:23:51','2014-04-10 05:24:13'),(33,33,'Rerum officiis sapiente vero consequuntur. Rerum temporibus ut tempora qui. Dicta sit minima sunt sequi et ea minus.','est',448480,NULL,33,'1986-04-12 01:04:14','1988-05-04 02:20:27'),(34,34,'Odio consequatur rem natus vel natus. Voluptatem perferendis odio sed aliquam. Ad dolor adipisci est exercitationem. Minima enim tempora neque ut dolorem.','est',392169,NULL,34,'1971-10-26 20:15:22','1993-07-11 11:08:19'),(35,35,'Autem dolore quasi a voluptas iste deserunt. Sunt consequatur explicabo perferendis totam blanditiis amet. Eligendi delectus deserunt sunt. Hic modi qui nostrum expedita sit placeat.','dolor',12566064,NULL,35,'2000-10-19 07:04:26','1999-12-02 00:08:26'),(36,36,'Qui perspiciatis repudiandae magnam quo voluptate similique. Porro perferendis dolor rerum qui adipisci rerum qui enim. Odit commodi eius laudantium assumenda ad eum et.','enim',19,NULL,36,'1977-04-17 05:22:16','2020-09-18 20:07:27'),(37,37,'Nemo aut reiciendis sapiente alias officia velit unde possimus. Aliquam pariatur quibusdam quas culpa reiciendis. Est est qui sunt qui accusamus ut. Placeat unde consequatur rerum dolore ea quaerat.','nihil',24722456,NULL,37,'1973-03-03 02:57:24','1995-04-27 06:02:05'),(38,38,'Delectus aperiam similique non est blanditiis assumenda. Eum quia ullam et ab. Nemo odio odit dolorem quo corporis nostrum necessitatibus.','veniam',46896,NULL,38,'2007-07-05 16:22:14','2011-11-16 17:08:24'),(39,39,'Qui quos est aut ad. Odio impedit et odio ducimus rerum. Est rerum impedit aut illum. At ipsa corporis aut. Aut est modi qui nam.','qui',15043973,NULL,39,'2007-11-17 20:01:50','2008-02-08 22:16:28'),(40,40,'Expedita iste accusantium vel quae. Ea maxime ratione fugiat nesciunt. Ab est similique doloremque quibusdam.','eaque',9601,NULL,40,'2002-09-24 16:24:28','2005-06-04 09:40:43'),(41,41,'At et molestiae autem eligendi. Qui qui qui et commodi. Omnis minima non voluptatem excepturi praesentium et.','animi',3,NULL,41,'2003-01-07 18:54:21','1972-05-29 21:03:15'),(42,42,'In ad vero sed. Et et sunt eum laboriosam perspiciatis aut ipsum. Consectetur sapiente ut unde dolor quia temporibus aut. Magni veniam incidunt error vel.','debitis',538375,NULL,42,'2003-09-27 23:48:38','2008-04-04 06:50:06'),(43,43,'Vero nemo et explicabo dolorem et omnis dignissimos. Optio aliquid et laudantium maiores vero qui. Voluptas est sint quo atque eos quae nulla asperiores. Nobis minus et a culpa doloribus voluptatum eum eum.','voluptatum',96281205,NULL,43,'2017-12-28 14:20:58','1991-03-28 03:38:11'),(44,44,'Eos eos error asperiores officiis aut. Id excepturi sapiente ad inventore ducimus sint ab. Voluptatem unde vitae et ut aut quo dolores. Hic exercitationem voluptatem voluptatibus repellendus in velit quidem.','enim',8613840,NULL,44,'1970-06-26 14:06:59','1980-04-03 14:56:48'),(45,45,'Labore incidunt provident sit officiis beatae incidunt odio. Alias adipisci quod consequuntur dolore et maiores. Veritatis nam quaerat id aut iure. Architecto qui provident consequatur eius nostrum ut.','laborum',618380,NULL,45,'1974-09-14 17:41:37','1975-01-06 11:23:30'),(46,46,'Enim voluptas modi rem id nihil sed recusandae autem. Magnam enim velit perspiciatis. In ea quo laborum voluptatem eveniet iste quaerat. Non eum consequatur voluptatibus sint dolorem voluptas fugit. Velit beatae et cupiditate iusto.','aut',0,NULL,46,'1998-02-22 19:01:26','1979-09-01 20:12:44'),(47,47,'Qui aliquam sed temporibus quos aut. Voluptates vel est ab. Consequuntur repellat at ut explicabo ut corrupti. Et deserunt veritatis officiis quo veniam consectetur.','minus',336,NULL,47,'1972-11-12 22:23:05','1995-11-10 18:48:59'),(48,48,'Ut ut sed minus et ratione quia. Maxime et earum accusantium doloribus omnis aspernatur. Maxime nostrum et deserunt libero eos nihil. Sequi excepturi veniam fugiat molestiae totam deserunt. Ipsum sequi nulla aut officiis veniam tempora.','sunt',0,NULL,48,'2013-02-11 22:30:33','1996-09-04 09:10:12'),(49,49,'Hic in ut tempora ex sunt nihil cumque. Tempora minima qui velit laudantium quia ipsam error labore. Eaque ullam eos aut et id nam voluptatibus. Ut sit nisi veniam deleniti vitae a voluptatem occaecati.','aut',70608,NULL,49,'1983-03-21 23:55:02','1972-01-17 23:13:06'),(50,50,'Et aliquam quos libero accusamus error aliquam. Et quidem corrupti porro qui dolores quo quaerat. Laborum amet natus omnis. Officiis magni sint et.','dicta',0,NULL,50,'2002-09-06 20:48:10','1981-05-22 11:49:08'),(51,51,'Cupiditate veritatis illum non voluptatem nam natus quos. Ex possimus aspernatur assumenda unde. Excepturi dolorem a aut. Et et facilis commodi eos iusto provident quae velit.','numquam',8,NULL,51,'2016-09-21 23:24:07','2011-04-03 04:32:55'),(52,52,'Explicabo vel quae omnis. Quibusdam cumque voluptatem qui. Aut aliquid sit ea deserunt reprehenderit perferendis maxime aut. Doloremque voluptates accusantium laborum eos. Sit accusamus deleniti ex enim quis nam.','nam',88966825,NULL,52,'1977-09-05 17:36:28','1992-07-13 15:49:03'),(53,53,'Commodi labore excepturi ipsum tempora maxime aliquam. Libero maiores vel velit quaerat. Qui aut quae dolore quia itaque. Quas natus dolor vitae at repudiandae hic.','tempora',0,NULL,53,'2017-12-30 20:16:02','2020-12-22 11:49:37'),(54,54,'Sunt non illum consequatur rem aut. Quam dicta fugiat nisi suscipit minus reiciendis ut. Qui doloribus eaque vitae voluptate optio. Eveniet minima aut qui praesentium cum architecto. Itaque suscipit pariatur animi provident aut culpa non.','rerum',17189,NULL,54,'2016-06-17 01:54:35','2018-04-18 16:38:41'),(55,55,'Nesciunt et sit nihil sequi et aut. Et sit optio consequuntur facilis voluptatem repudiandae. Aut voluptatem et nam laudantium. Quod in ea dolorum iste odio.','recusandae',0,NULL,55,'2017-08-03 13:13:17','2008-06-25 19:25:11'),(56,56,'Est culpa voluptatem et ducimus inventore amet et. Beatae officiis est voluptates veniam quasi sit ducimus. Beatae earum fuga recusandae enim voluptatem quibusdam ex.','itaque',8000,NULL,56,'1997-08-28 20:00:31','1983-04-09 23:07:30'),(57,57,'Neque et neque autem praesentium dolores similique. Magnam officia nisi eos. Aut aspernatur reprehenderit quis et dolores minus sed molestiae.','aut',322813380,NULL,57,'2018-03-08 20:23:34','2007-06-25 19:15:57'),(58,58,'Soluta sequi quia adipisci eligendi est. Possimus laboriosam eius omnis quod. Error sit doloremque est id necessitatibus. Alias vero quam asperiores veniam sit dolorem.','recusandae',30183,NULL,58,'1976-03-28 21:08:49','2020-10-24 23:41:22'),(59,59,'Facilis id omnis provident rem eligendi porro odit maxime. Nihil dignissimos quos sint at. Et exercitationem labore ut at culpa error sint unde. Iusto in eos rerum quia sit.','tenetur',3,NULL,59,'1992-11-28 07:49:17','2010-08-19 11:53:27'),(60,60,'Et voluptatem ut laborum minus. Officia et expedita quia quibusdam. Est ipsum quo magni sint placeat dolor. Est eveniet quisquam sunt quod sapiente alias sunt nam.','quia',8576,NULL,60,'2006-10-09 03:09:11','1986-05-06 06:55:46'),(61,61,'In voluptatem eius qui nihil rem. Qui nemo sed labore eos ut.','beatae',87434,NULL,61,'2013-05-03 18:48:37','2008-07-11 12:11:17'),(62,62,'In dicta quae aliquam cumque. Reiciendis suscipit laboriosam delectus totam voluptatem ea minima. Asperiores accusamus sapiente est possimus aperiam sed. Tenetur ea dicta quia nobis autem qui voluptatibus et. Corporis nesciunt amet qui cumque.','harum',9,NULL,62,'2005-11-14 07:18:07','1981-08-01 07:02:36'),(63,63,'Quaerat ut facere quia. Libero laboriosam sint expedita velit voluptas sit qui. Natus et omnis porro necessitatibus facilis officia omnis. Eius quis cum libero velit repellat corrupti.','sunt',5,NULL,63,'2004-12-07 22:35:38','2006-01-05 16:46:01'),(64,64,'Quia placeat temporibus est voluptas velit. Voluptates aut placeat sint. Animi consequuntur aut velit qui et.','reiciendis',7,NULL,64,'2007-12-28 01:47:56','1992-05-29 03:28:59'),(65,65,'Repellendus reprehenderit quam repellat. Molestiae tenetur consectetur dignissimos. Magnam voluptatem quam adipisci placeat cupiditate adipisci. Impedit voluptas nesciunt nostrum tempora.','eveniet',0,NULL,65,'1983-02-18 15:35:53','1998-05-06 05:00:04'),(66,66,'At praesentium eos et cum ut rerum quae. Aspernatur illum consequatur ab. Laudantium quia repellendus et ratione delectus. Voluptates sapiente cum adipisci et.','blanditiis',11220,NULL,66,'1982-09-11 01:09:16','1985-11-14 03:55:48'),(67,67,'Laborum totam dignissimos quos dolor. Totam non qui autem et. Ea ad et quod sed nihil. Eius id fugiat labore hic illum sint.','occaecati',8515680,NULL,67,'1981-05-26 06:38:48','1990-02-01 16:37:20'),(68,68,'Officiis illum deserunt blanditiis pariatur nihil quam aperiam. Ipsum molestias eum sunt nobis maxime est. Quo ipsa et est voluptatum magnam. Ut ut et voluptas repudiandae dolor tempora. Magni totam est dignissimos dolores et.','delectus',514257093,NULL,68,'1971-03-30 11:53:11','2006-11-21 11:24:01'),(69,69,'Beatae aut voluptate cumque consectetur libero omnis. Quo consectetur cupiditate itaque accusantium. Facilis aut est molestiae laborum non amet et.','qui',1103521,NULL,69,'2004-02-22 19:23:27','2013-08-12 05:09:29'),(70,70,'Culpa tempora temporibus veniam incidunt distinctio reiciendis. Deleniti quia facere modi dolorem incidunt mollitia. Illo enim dignissimos error reprehenderit velit similique voluptatem sit.','alias',65675559,NULL,70,'2000-10-28 00:50:57','2007-04-29 18:37:07'),(71,71,'Nesciunt eum sed officiis consequatur deleniti. Placeat voluptatem similique et ratione laboriosam. Distinctio consequatur consequatur aut quo vero possimus in.','nemo',4725,NULL,71,'2010-08-10 10:22:48','1997-05-16 18:11:35'),(72,72,'Aliquam recusandae earum consequatur aliquam quis. Non et voluptas magnam omnis ut reprehenderit. Ut recusandae quisquam qui qui. Voluptatem sed saepe velit.','modi',0,NULL,72,'2008-08-23 08:01:18','2007-06-01 08:13:54'),(73,73,'A iusto harum dicta qui. Nisi et consequatur nobis incidunt. Eum dicta ipsa distinctio rerum. Qui aut provident labore cupiditate.','tempore',34,NULL,73,'1971-06-11 09:13:03','1992-12-24 21:52:13'),(74,74,'Officiis esse eaque optio. Ratione perspiciatis eveniet provident omnis. Ut ut voluptate cupiditate nisi ipsam voluptatem. Qui alias nihil quis at dolorem eum maiores aut.','ipsa',9,NULL,74,'2002-05-19 08:37:38','1984-06-27 11:03:44'),(75,75,'Aut ut dolores dolorem nemo vitae. Eos atque et et quos soluta perferendis.','alias',91,NULL,75,'1970-03-28 02:38:13','2009-12-26 14:13:33'),(76,76,'Aliquam eveniet est at quasi molestiae. Qui accusamus omnis est magni. Vitae sunt veritatis sit quibusdam.','rerum',43,NULL,76,'1983-05-20 10:56:41','1988-10-19 15:15:34'),(77,77,'Repellat tenetur similique libero nobis dolores debitis. Molestias rerum eos architecto dicta rerum harum eos molestiae. Officia ex aspernatur amet culpa excepturi.','esse',9888925,NULL,77,'2002-04-09 08:46:07','1999-05-29 19:42:48'),(78,78,'Laudantium sit aliquid molestiae adipisci doloremque laborum libero quam. Officia sunt voluptatem aliquid similique facere et consequatur. Incidunt doloremque error quis. Soluta consectetur veritatis in in numquam.','repellendus',310012527,NULL,78,'1979-02-02 06:13:11','1971-03-27 09:55:01'),(79,79,'Laborum ut ab vel facere. Quidem voluptatibus molestiae qui fugit. Et maxime ipsa quia labore nisi sunt aut. Officia qui commodi deserunt ea.','atque',1,NULL,79,'1990-10-23 15:39:56','1970-07-27 14:26:08'),(80,80,'Ducimus suscipit omnis cumque qui adipisci voluptatem beatae. Temporibus necessitatibus sit voluptatibus quia fugiat incidunt veritatis impedit. Dignissimos dignissimos occaecati quia eligendi aliquam aut.','iusto',0,NULL,80,'1978-10-12 21:07:04','1970-09-20 04:10:50'),(81,81,'Quia incidunt eos et voluptas quae officia beatae. Ut sed totam magni nesciunt atque vero saepe. Illo distinctio non minus hic et consequatur mollitia.','nemo',891,NULL,81,'2012-09-17 20:45:27','1997-12-30 09:04:45'),(82,82,'Magni accusantium explicabo praesentium eos quasi quia. Adipisci illo modi quia voluptas autem et. Doloribus eaque autem quidem accusamus nostrum quos. Ex eum eos ipsam ipsum est.','laborum',940,NULL,82,'2010-06-17 17:23:43','1990-02-26 01:24:50'),(83,83,'Et aut officia repudiandae tempore consectetur voluptas labore voluptatum. Dolor qui perferendis perspiciatis repellat vel. Perferendis reprehenderit ut voluptatem aliquid.','sunt',6,NULL,83,'2005-02-08 16:04:52','1977-09-10 05:08:11'),(84,84,'Cum occaecati fuga inventore aut. Ullam et nihil illum sapiente illo molestias. Est dicta at sed quasi.','consequatur',291750550,NULL,84,'1980-12-20 17:19:09','1999-07-08 03:07:47'),(85,85,'Ipsam placeat dolores dolor qui. Sit laborum molestiae a optio tempore doloremque. Aut distinctio quis dicta doloribus. Consequatur hic quibusdam laborum incidunt dolorem autem rerum.','facilis',8191020,NULL,85,'1976-11-24 02:03:09','1990-09-27 20:17:59'),(86,86,'Facere occaecati sunt autem maxime. Molestiae assumenda nam placeat dolores dolor pariatur. Magnam voluptatem aut dicta fuga corporis. Aperiam sit sint optio magnam doloribus occaecati.','assumenda',811,NULL,86,'1991-05-24 12:30:50','2002-02-26 19:17:15'),(87,87,'Mollitia harum consequatur nihil exercitationem et et. Doloremque vel nisi deleniti non at. Libero quae autem eum rerum quod veniam.','iusto',192191,NULL,87,'1970-01-02 04:15:28','1983-10-02 02:48:14'),(88,88,'Sapiente et in exercitationem et a quia. Consectetur repudiandae facilis rem commodi aut nihil. Debitis reprehenderit molestiae vel. Nihil et suscipit eum et molestias deleniti et maxime. Sapiente consequatur dolorem quidem tempora molestias ea.','qui',7010962,NULL,88,'1977-10-18 13:25:47','1973-01-28 14:09:43'),(89,89,'Fugiat quia rem est voluptatem optio earum vero. Rerum eos et ut necessitatibus sequi a blanditiis. Ut quia totam dolorem quis.','amet',292,NULL,89,'2002-06-07 03:06:20','1972-11-02 22:06:32'),(90,90,'Voluptatem placeat omnis atque ullam. Et officiis debitis delectus quod libero rem maxime. Non quia qui deleniti blanditiis debitis. Fugiat sed quasi quaerat magnam qui possimus. Vel temporibus blanditiis culpa rerum voluptatibus earum est.','qui',7533,NULL,90,'1986-08-02 13:51:17','1983-08-02 04:09:21'),(91,91,'Cum aliquam quisquam corrupti consequatur nesciunt. Fuga omnis eum corporis illo illo voluptatum. Omnis nesciunt accusantium consequatur veritatis et libero totam magni. Quidem aut et sit molestias.','distinctio',67818791,NULL,91,'2019-07-29 17:52:56','1995-09-12 23:06:17'),(92,92,'Enim voluptatem quod labore repudiandae quibusdam ut sint. Aut et aut in sint saepe natus. Autem commodi eveniet aspernatur facilis dicta tempora. Culpa blanditiis molestias omnis delectus enim nostrum perspiciatis.','cumque',81933090,NULL,92,'1988-05-20 14:02:32','1975-01-22 02:30:10'),(93,93,'Nemo corporis labore et est optio aut ut. Et esse consectetur vitae exercitationem ipsum mollitia. Iusto et quo eligendi qui rerum non. Ducimus repellendus et quia tenetur velit maiores adipisci placeat.','a',5895,NULL,93,'1995-10-31 22:50:18','1971-09-25 04:00:25'),(94,94,'Tempora quod voluptatem laboriosam maiores. Dolor neque provident incidunt et neque. Quas qui expedita incidunt non minus quia.','impedit',0,NULL,94,'2020-06-16 09:09:42','1986-12-19 14:51:27'),(95,95,'Eveniet dignissimos qui voluptatem consequuntur eligendi. Ipsam aut quae consequatur rem rerum deserunt non autem. Quae dolor eveniet quod expedita dolorem repellat beatae. Et non animi beatae quo quod.','rerum',0,NULL,95,'2007-03-06 07:50:49','1989-09-11 01:16:30'),(96,96,'Tempora laborum consequatur sint. Laborum at et non optio deleniti et. Aut impedit asperiores dolorem qui qui.','quia',53432456,NULL,96,'1972-10-17 19:14:27','2001-12-01 00:04:26'),(97,97,'Ipsam explicabo dolore ex ipsam sit. Veritatis aliquam perspiciatis nemo. Repellat voluptatem nemo tempora nam voluptas perferendis harum.','vero',0,NULL,97,'2010-07-22 19:41:51','1993-01-27 00:54:38'),(98,98,'Et similique vel eum voluptatibus id molestias natus rerum. Blanditiis eius qui qui cumque. Sit dicta doloribus nihil quis blanditiis animi sapiente.','sit',10047,NULL,98,'2014-01-15 14:25:26','2000-08-02 02:46:05'),(99,99,'Dignissimos est voluptate natus non cum ratione. Dicta sint aut totam et et necessitatibus impedit. Beatae laboriosam nihil vel ipsum neque nam laudantium. Deserunt aliquid aut illum. Molestias ut sequi tempora.','odit',92949303,NULL,99,'2020-01-11 10:36:12','1993-05-04 06:21:18'),(100,100,'Dolor voluptas voluptatem eaque sequi dolorem. Omnis velit sunt ut doloribus hic qui ad. Sequi autem inventore sapiente veritatis. Illo consequatur unde sed quia quo ratione facere.','aliquid',0,NULL,100,'1993-08-01 19:24:28','1983-09-06 00:05:31');
/*!40000 ALTER TABLE `media` ENABLE KEYS */;
UNLOCK TABLES;

--
-- Table structure for table `media_types`
--

DROP TABLE IF EXISTS `media_types`;
/*!40101 SET @saved_cs_client     = @@character_set_client */;
/*!40101 SET character_set_client = utf8 */;
CREATE TABLE `media_types` (
  `id` bigint(20) unsigned NOT NULL AUTO_INCREMENT,
  `name` varchar(255) COLLATE utf8mb4_unicode_ci DEFAULT NULL,
  `created_at` datetime DEFAULT current_timestamp(),
  `updated_at` datetime DEFAULT current_timestamp() ON UPDATE current_timestamp(),
  PRIMARY KEY (`id`)
) ENGINE=InnoDB AUTO_INCREMENT=101 DEFAULT CHARSET=utf8mb4 COLLATE=utf8mb4_unicode_ci;
/*!40101 SET character_set_client = @saved_cs_client */;

--
-- Dumping data for table `media_types`
--

LOCK TABLES `media_types` WRITE;
/*!40000 ALTER TABLE `media_types` DISABLE KEYS */;
INSERT INTO `media_types` VALUES (1,'culpa','2002-12-06 15:37:32','2013-01-08 16:32:35'),(2,'impedit','2009-06-29 03:00:09','2010-11-11 18:09:18'),(3,'libero','2005-05-05 10:08:11','2013-01-03 21:43:48'),(4,'voluptates','2012-05-16 07:55:24','1992-06-08 13:28:58'),(5,'impedit','1990-07-07 13:39:17','2005-03-02 00:11:13'),(6,'rerum','1971-02-05 18:08:56','2006-08-06 08:18:49'),(7,'voluptatibus','2004-12-17 01:21:21','2001-07-18 03:20:36'),(8,'est','1999-06-24 17:44:39','1982-05-23 19:37:00'),(9,'est','1983-05-23 19:07:05','2007-04-05 02:21:23'),(10,'modi','2013-09-17 01:06:59','1979-05-25 12:00:39'),(11,'nostrum','1991-03-09 00:59:33','1977-12-05 08:11:12'),(12,'alias','1992-02-29 05:03:31','1972-05-05 05:21:29'),(13,'nihil','2018-04-22 21:37:12','1986-03-24 02:18:15'),(14,'consequatur','2007-12-01 11:14:00','1988-07-15 12:02:44'),(15,'itaque','2004-08-20 13:07:15','2019-10-07 19:36:32'),(16,'eius','2013-04-10 03:43:17','1972-03-10 17:28:08'),(17,'error','1997-05-17 08:26:50','2016-05-09 12:08:08'),(18,'nostrum','2017-09-04 01:41:05','2019-01-28 18:49:35'),(19,'ad','1990-09-11 08:33:32','2012-08-01 17:34:56'),(20,'nihil','1978-06-21 12:08:08','1998-04-03 02:42:12'),(21,'dolorem','1986-05-30 21:15:03','1994-09-27 23:16:31'),(22,'voluptatem','1986-05-02 02:50:57','2005-03-02 17:13:13'),(23,'exercitationem','1994-03-15 05:26:25','2017-02-10 05:42:44'),(24,'ipsam','1976-07-03 23:52:33','2014-03-18 10:08:19'),(25,'eum','1985-10-05 00:21:31','1977-06-29 06:40:33'),(26,'aliquid','1986-11-14 10:26:27','2002-07-13 12:22:16'),(27,'molestias','1994-01-19 12:51:51','1980-10-01 18:33:20'),(28,'autem','1983-05-06 14:49:12','2004-08-17 14:05:44'),(29,'quas','1981-06-14 05:56:38','2015-06-30 05:08:50'),(30,'iure','1990-12-20 00:02:13','1996-12-05 06:30:34'),(31,'iusto','2001-12-16 09:16:24','1990-10-29 23:29:22'),(32,'aliquam','1992-01-14 14:41:46','2000-08-21 08:29:53'),(33,'quibusdam','2018-08-19 00:04:42','2011-10-28 03:20:27'),(34,'voluptatem','1991-02-28 07:05:23','1970-09-05 00:37:00'),(35,'nihil','1987-03-31 05:52:00','2014-01-03 00:05:41'),(36,'perspiciatis','2015-05-13 14:05:07','1977-03-08 09:17:34'),(37,'reprehenderit','2007-08-25 01:45:17','2002-06-22 03:57:14'),(38,'et','2002-12-15 16:55:18','1990-05-20 11:31:57'),(39,'exercitationem','2008-09-05 13:53:17','1981-04-24 08:28:04'),(40,'sit','1981-02-24 15:16:40','2014-09-15 12:35:18'),(41,'reprehenderit','2008-08-13 18:46:26','1977-07-04 18:58:43'),(42,'sequi','1978-07-16 17:19:53','2016-11-16 17:24:54'),(43,'reprehenderit','1999-11-01 05:16:47','1993-03-27 14:46:30'),(44,'quia','2003-10-02 09:43:25','1984-01-13 14:39:17'),(45,'mollitia','2005-08-28 20:24:58','2019-09-24 02:13:20'),(46,'eum','1995-05-11 16:02:25','2007-11-23 00:58:22'),(47,'deleniti','2015-06-02 07:02:19','1999-08-18 03:23:48'),(48,'consequatur','1997-10-26 10:30:12','1984-06-11 20:22:55'),(49,'sed','1977-08-05 17:13:30','2004-08-31 07:40:24'),(50,'consequatur','1982-11-22 07:03:10','2019-06-25 19:08:33'),(51,'iusto','2016-12-16 12:15:45','1992-04-07 06:19:24'),(52,'veniam','1990-08-04 00:08:47','2002-02-12 04:42:55'),(53,'inventore','2001-04-14 01:30:41','1991-07-07 15:16:47'),(54,'quo','2004-08-12 23:34:13','2001-09-28 03:08:17'),(55,'error','2014-10-13 16:43:42','1990-06-14 16:05:07'),(56,'non','2011-06-23 23:56:16','2014-06-04 19:49:21'),(57,'sit','2020-09-14 04:09:37','1973-01-02 07:12:42'),(58,'a','1999-10-21 03:45:25','1981-01-18 21:04:17'),(59,'vero','1982-02-07 06:34:18','2001-06-16 00:42:03'),(60,'aut','2008-07-29 11:57:47','1997-12-12 09:35:33'),(61,'aut','2001-06-01 18:32:56','1994-02-04 06:37:38'),(62,'dolorem','1976-11-29 11:02:21','2000-08-16 03:40:28'),(63,'doloribus','1978-05-10 09:46:56','2010-07-26 22:16:04'),(64,'quia','1986-04-16 00:33:42','1987-08-02 06:45:58'),(65,'sunt','2009-01-06 04:47:52','2018-07-30 19:14:48'),(66,'neque','2006-03-15 02:20:11','1977-07-02 05:02:34'),(67,'voluptatem','2020-09-07 23:51:33','2001-10-09 19:27:33'),(68,'enim','1988-03-29 01:11:49','2016-09-21 11:02:04'),(69,'quis','2016-05-02 21:49:42','1985-06-23 23:56:35'),(70,'voluptas','2021-02-16 02:31:40','1990-12-08 17:43:20'),(71,'nulla','1989-05-23 02:44:14','2010-07-30 01:33:14'),(72,'sed','2016-04-17 21:31:31','1976-09-19 00:46:30'),(73,'et','1982-11-26 07:13:01','1971-07-07 03:10:03'),(74,'nihil','2016-03-21 14:17:44','2003-10-05 04:31:18'),(75,'laborum','1989-04-12 03:13:07','1973-10-06 16:07:02'),(76,'vel','1977-12-29 07:59:51','2016-07-05 12:33:57'),(77,'voluptas','2000-04-14 15:29:18','1984-08-22 06:25:44'),(78,'fugit','1985-05-13 19:12:36','1984-05-29 17:49:57'),(79,'beatae','2006-12-19 09:00:34','1970-01-28 23:05:40'),(80,'laboriosam','1989-06-30 16:29:01','2020-08-05 17:02:12'),(81,'accusantium','1984-05-05 04:00:02','1973-07-05 17:43:58'),(82,'iure','1990-08-09 15:10:55','2016-03-17 09:14:41'),(83,'ducimus','2004-10-06 08:42:47','1970-06-22 03:05:01'),(84,'asperiores','1984-03-19 17:13:15','1979-07-07 07:05:54'),(85,'sapiente','1988-08-19 05:20:49','1981-09-11 20:42:37'),(86,'nemo','1998-04-18 12:03:47','1979-02-09 22:19:57'),(87,'recusandae','1989-01-21 09:24:19','2016-01-05 10:55:21'),(88,'nam','2004-10-05 02:36:23','2015-08-27 01:24:56'),(89,'culpa','2020-04-18 10:05:43','1989-03-12 12:42:31'),(90,'et','1989-03-23 08:17:03','1970-10-03 11:57:48'),(91,'quia','1980-04-10 02:15:13','2006-12-21 12:14:12'),(92,'quaerat','1974-01-13 03:53:58','2001-09-14 12:00:42'),(93,'soluta','2004-04-16 12:53:48','2003-09-24 15:56:36'),(94,'voluptatum','1997-08-04 18:30:35','1971-12-20 13:36:19'),(95,'nostrum','2017-11-10 22:02:49','1992-07-04 06:45:01'),(96,'est','2005-05-30 06:14:06','1988-07-24 08:45:21'),(97,'illum','1987-12-20 12:05:39','1995-06-16 10:52:33'),(98,'ab','2010-05-06 13:27:44','1985-04-22 22:05:49'),(99,'fugiat','2000-06-07 15:08:43','2001-10-04 18:28:04'),(100,'sed','2012-01-15 14:36:29','1980-11-06 12:03:07');
/*!40000 ALTER TABLE `media_types` ENABLE KEYS */;
UNLOCK TABLES;

--
-- Table structure for table `messages`
--

DROP TABLE IF EXISTS `messages`;
/*!40101 SET @saved_cs_client     = @@character_set_client */;
/*!40101 SET character_set_client = utf8 */;
CREATE TABLE `messages` (
  `id` bigint(20) unsigned NOT NULL AUTO_INCREMENT,
  `from_user_id` bigint(20) unsigned NOT NULL,
  `to_user_id` bigint(20) unsigned NOT NULL,
  `body` text COLLATE utf8mb4_unicode_ci DEFAULT NULL,
  `created_at` datetime DEFAULT current_timestamp(),
  PRIMARY KEY (`id`),
  KEY `from_user_id` (`from_user_id`),
  KEY `to_user_id` (`to_user_id`),
  CONSTRAINT `messages_ibfk_1` FOREIGN KEY (`from_user_id`) REFERENCES `users` (`id`) ON DELETE CASCADE ON UPDATE CASCADE,
  CONSTRAINT `messages_ibfk_2` FOREIGN KEY (`to_user_id`) REFERENCES `users` (`id`) ON DELETE CASCADE ON UPDATE CASCADE
) ENGINE=InnoDB AUTO_INCREMENT=101 DEFAULT CHARSET=utf8mb4 COLLATE=utf8mb4_unicode_ci;
/*!40101 SET character_set_client = @saved_cs_client */;

--
-- Dumping data for table `messages`
--

LOCK TABLES `messages` WRITE;
/*!40000 ALTER TABLE `messages` DISABLE KEYS */;
INSERT INTO `messages` VALUES (1,1,1,'Neque assumenda unde earum beatae eveniet. Ea suscipit est nisi et cumque inventore.','2016-03-09 13:06:15'),(2,2,2,'Veritatis quis deleniti consequatur asperiores architecto sunt. Provident qui perspiciatis provident est officiis. Enim eligendi est error inventore.','1981-05-27 05:45:52'),(3,3,3,'Eum sint velit corrupti sunt voluptatum. Blanditiis qui voluptate omnis alias. Saepe consequatur provident non beatae cum.','2019-05-04 05:57:19'),(4,4,4,'Quisquam quam et eaque culpa in odio. Sit autem pariatur est. Ut id voluptatibus sunt ut exercitationem aut odio.','1994-02-13 03:42:12'),(5,5,5,'Totam exercitationem et reprehenderit veritatis ea similique reprehenderit. Et nostrum enim inventore dolore. Tempora earum mollitia omnis et omnis in. Delectus repellendus sit animi quia.','1972-01-14 07:57:02'),(6,6,6,'Sit eveniet laudantium vitae eos quam fugit. Omnis modi et nesciunt aliquam est ut nostrum. Eum facere illo animi expedita doloremque. Voluptas ipsam similique dolorem enim animi consectetur sunt.','1975-06-21 04:45:56'),(7,7,7,'Molestiae ut ad aliquam adipisci. Est maxime libero harum totam vel. Adipisci aut at exercitationem temporibus laudantium qui temporibus maiores.','1977-09-05 21:02:39'),(8,8,8,'Et aperiam consequatur quod aut qui fugiat veritatis. Sit aperiam recusandae magni quo dicta excepturi quas. Esse fugiat nesciunt et vitae. Quo exercitationem voluptas nihil sunt delectus quia.','2001-02-16 01:45:59'),(9,9,9,'Deserunt aut tenetur et quae tenetur consequatur. Laudantium enim sit est veritatis accusamus maxime est. Quaerat voluptatem aut debitis id. Mollitia voluptatem assumenda vitae sint fugiat at fuga velit.','1976-04-29 00:12:01'),(10,10,10,'Consequatur non consequatur corporis cupiditate molestiae hic. Cumque similique provident minus earum consequatur. Aspernatur amet voluptas quisquam enim dolorum id qui. Magnam ut quidem totam sunt.','1997-05-24 09:18:04'),(11,11,11,'Autem neque consequatur dolorem voluptatem praesentium maiores sit. Dignissimos minus ad sunt eos. Ut eius ducimus excepturi aut tenetur. Vel ut dolorum optio deleniti. Sequi architecto et dicta eius perspiciatis occaecati provident suscipit.','1975-05-07 17:44:40'),(12,12,12,'Ullam a et minima et eveniet ut perspiciatis cum. Sed molestiae exercitationem odio natus ipsum accusantium consequatur unde. Voluptatem sit quis sint.','1972-09-10 10:12:42'),(13,13,13,'Accusantium earum aspernatur fugiat nobis ipsam vel. Doloremque doloribus quasi blanditiis non ut ut natus aliquam. Perspiciatis ut ut cum nemo laudantium sint autem consequatur.','1982-12-22 10:59:26'),(14,14,14,'Ut vel dolorem voluptatem nulla. Omnis voluptas non ducimus et error ut. Commodi id atque dolorem voluptas. Consequatur debitis neque sit ullam ex.','1995-01-13 04:56:21'),(15,15,15,'Qui rerum eveniet nihil magnam suscipit aut eos. Eveniet ipsum et illo dolores et. Doloremque omnis sint dolorem et sequi fugit.','2020-07-19 16:32:40'),(16,16,16,'Aliquam temporibus voluptates ratione qui neque eligendi quo. Provident dolorum iusto qui consectetur officia voluptas. Dolor alias harum quia. Similique mollitia eaque recusandae iste ut et.','2004-10-04 15:47:45'),(17,17,17,'Et omnis fugit eligendi optio quibusdam et quia. Beatae molestiae id laborum nesciunt deleniti doloremque sit. Hic quo quia atque autem. Doloremque quae libero et incidunt quia et reiciendis.','1994-10-16 08:19:27'),(18,18,18,'Nihil soluta laudantium culpa nobis. Commodi eius aut ut sit. Sequi et amet repellendus sed praesentium. Maiores debitis qui qui earum rerum facere est.','1986-02-05 19:02:48'),(19,19,19,'Et unde autem ab corporis aut dolorum vel. Cum laudantium ea atque porro omnis tenetur sit. Optio voluptatem illo harum ipsum voluptatum minus.','2017-03-24 00:33:20'),(20,20,20,'Ea omnis quam nam cumque. Repellat qui rerum aliquam rem sequi voluptates autem sunt. Fuga sequi sit hic nihil quaerat exercitationem.','1988-01-13 08:28:31'),(21,21,21,'Impedit et quas atque esse ut. Itaque quibusdam et tempore iure nisi consectetur. Facilis ipsa dolores ut animi laborum tempora.','1985-08-01 14:05:34'),(22,22,22,'Provident aliquam voluptatum velit ut aut. Debitis ea explicabo omnis nisi temporibus amet dolores. Distinctio tempore incidunt architecto ut labore ullam temporibus. Rerum suscipit quae aut aut nemo. Voluptatibus sapiente impedit neque fugiat.','2001-12-15 17:56:46'),(23,23,23,'Autem occaecati id repellendus eligendi impedit nemo est. Ab repellendus ut qui laborum et ut. Dolor rerum dicta ipsa voluptatem. Odio quia consectetur quae ex veritatis.','2016-12-24 04:23:34'),(24,24,24,'Doloremque commodi voluptatem quia. Aspernatur laborum nesciunt laudantium tempore assumenda sequi similique nobis. Repellat non quo in ipsam repellat.','1975-12-15 01:43:54'),(25,25,25,'Quia ad excepturi voluptas pariatur non mollitia et. Omnis ipsam autem accusamus fugit. Deleniti possimus et voluptates ut nulla eligendi. Placeat exercitationem quaerat facere qui porro.','1975-10-05 07:26:40'),(26,26,26,'Eaque est aliquid est. Nulla et consequatur doloribus voluptate voluptate quia qui. Quo consequuntur earum et ab dolorum illum deserunt. Voluptas cupiditate voluptas quis itaque eveniet.','2003-07-10 21:15:59'),(27,27,27,'Dolorum ipsum et consequatur sit. Cum consequatur voluptates officiis magni. Eius quia recusandae quasi aut consequatur in in. Fugit quia quibusdam veniam odit soluta.','2018-06-12 21:36:50'),(28,28,28,'Quos illo totam fuga aspernatur rem in. Veniam rerum deleniti voluptatem aliquam modi. Quis unde quia ut quos assumenda excepturi. Pariatur ratione id dolores et at provident sit.','1987-03-20 18:03:17'),(29,29,29,'Ut assumenda dolor quibusdam et. Ullam voluptas amet fugiat et accusantium. Sit non quia est in. Repudiandae provident libero quia excepturi. Quas voluptatem vero voluptas est optio et.','1974-03-29 19:29:00'),(30,30,30,'Dolorum vel dolorum quo maxime excepturi est dolorem. Ea ut commodi veniam rerum omnis minima aspernatur. Eveniet perspiciatis blanditiis nihil at ullam a nam.','1974-10-31 19:21:55'),(31,31,31,'Voluptate est veniam minima quia placeat aut quidem. Sapiente voluptatibus eaque aut aperiam ducimus consequatur. Distinctio nihil delectus minus. Et minima aut ut dolorem atque.','1984-12-20 18:53:32'),(32,32,32,'Reprehenderit natus aut reiciendis enim perspiciatis. Eum nulla eum dignissimos voluptatem temporibus non at. Eligendi laudantium sit unde accusamus ipsam aperiam. Quia quasi architecto doloremque nobis.','2003-12-27 14:51:46'),(33,33,33,'Nam saepe omnis consequatur labore vitae voluptatem repellat impedit. Enim deserunt ut suscipit molestias iusto totam minus. Possimus qui voluptas corrupti numquam. Perferendis praesentium sit sequi cum eum possimus maiores. Alias accusantium quasi ducimus officiis.','1985-03-21 01:35:26'),(34,34,34,'Et numquam doloribus id dignissimos natus ipsum officiis. Commodi deleniti autem vitae deleniti alias. Aut quibusdam accusantium enim et explicabo quae. Fugiat incidunt harum reprehenderit.','1988-06-07 18:36:20'),(35,35,35,'Dolorum odio et eos odio ut. Et vel excepturi delectus illum facere quia. Ipsum voluptatem earum dolorum facere. Repellendus consequatur voluptatem rerum officia assumenda enim et.','1977-09-05 14:30:38'),(36,36,36,'Ab assumenda quaerat qui sint error beatae. Voluptatem tenetur maiores odit distinctio qui necessitatibus in. Repellat voluptates nisi autem cupiditate aut.','2011-09-03 06:26:40'),(37,37,37,'Commodi odit blanditiis reprehenderit eos rem qui. Possimus inventore nihil hic sequi sunt qui. Quod dolor et architecto natus.','1971-05-07 10:08:35'),(38,38,38,'Impedit qui impedit incidunt eius qui accusamus ratione numquam. Corrupti maxime ut odio. Velit placeat sapiente dolores odit perspiciatis tempora sequi. Facilis ea consequatur porro et.','1974-06-27 15:28:21'),(39,39,39,'Ut sit deleniti qui sed. Quis omnis qui aliquid sit occaecati. Sed aut maxime quae earum. Et nihil animi veritatis repellendus architecto odit.','1994-07-15 00:10:24'),(40,40,40,'Quod magnam qui laboriosam quas nesciunt est laborum. Modi omnis quod qui dolorem amet ea asperiores. Voluptate voluptatem ut corporis sequi.','2019-02-23 19:20:40'),(41,41,41,'Dicta sunt et dolores debitis. Atque nostrum aut omnis.','2015-12-14 22:33:57'),(42,42,42,'Sunt tempore cum debitis recusandae mollitia. Commodi eaque pariatur ea qui. Voluptatem odit voluptas nulla dolorum harum. Quo quo amet autem enim.','2015-07-10 13:35:21'),(43,43,43,'Qui esse quas ducimus est vel provident labore. Doloribus totam quis vitae ut commodi voluptatum excepturi rem. Reiciendis incidunt adipisci blanditiis soluta beatae. Amet incidunt quidem exercitationem voluptatem natus earum.','1975-10-30 06:12:42'),(44,44,44,'Nostrum dolores similique praesentium tempore enim. Omnis cum eius fuga soluta. Sunt qui ut vitae nulla laudantium ut.','1978-09-11 16:12:42'),(45,45,45,'Quis qui eligendi quibusdam quo necessitatibus. Laboriosam dolorem veniam quia qui excepturi ut enim ut. Sed consequatur id veniam quia autem. Voluptatum doloribus rem consequuntur ipsum accusantium.','1987-05-15 04:33:22'),(46,46,46,'Nihil voluptas architecto sequi unde. Optio quia enim necessitatibus culpa. Non laboriosam nulla ad incidunt sunt facere officiis. Ullam ea quis mollitia.','1976-03-03 19:27:44'),(47,47,47,'Cupiditate distinctio blanditiis id quos necessitatibus at. Est consequuntur perferendis alias veritatis. Officia rem esse beatae ab aut voluptatem nam. At ullam ratione ad sit.','1983-10-04 22:58:33'),(48,48,48,'Velit nobis vitae laborum quasi qui. Beatae incidunt ea minima voluptatem iure cum. Ut quidem quis minus amet. Eligendi sit voluptatem voluptatum voluptas.','2014-05-10 00:13:11'),(49,49,49,'Corrupti officiis laboriosam molestiae ipsum. Et quo unde eum cupiditate. Eaque sint quia est ullam.','2012-04-24 07:23:51'),(50,50,50,'Ut est non voluptatem porro labore. Cumque nesciunt animi nihil veniam voluptatem quis. Consequatur nulla voluptatem vitae aut non. Praesentium illo quo id dolorum quas ut.','1977-07-18 13:51:05'),(51,51,51,'Explicabo praesentium accusamus iste ea ex corporis dolores. Aut praesentium fugit fugiat. Autem aut rerum ea aut. Repudiandae veniam cum quia dolor illum alias.','1970-10-19 19:38:52'),(52,52,52,'Occaecati dolorem ab molestias. Enim facere fuga nisi ab sit qui velit. Nihil ut nobis eaque laboriosam sed est.','1996-10-03 17:11:05'),(53,53,53,'Assumenda non non qui velit incidunt nesciunt. Ut molestiae numquam voluptatem et praesentium veniam recusandae. Molestias eos quis aut doloribus cupiditate iure.','2018-07-02 09:34:30'),(54,54,54,'Omnis nam aut suscipit delectus et aliquam. Aperiam tenetur pariatur velit quam quod cum. Ut asperiores excepturi eum aperiam eos exercitationem iste.','1982-03-01 20:41:51'),(55,55,55,'Sed nihil perspiciatis voluptas. Repellat tenetur qui voluptatibus consequatur laborum rem repellendus. Sed numquam repellat exercitationem sapiente magni sint dolores.','1992-07-07 18:34:10'),(56,56,56,'Vero porro qui nulla qui qui. Et repellat sunt quia occaecati eaque vel. Tempore occaecati ratione at nemo.','1993-11-08 16:38:36'),(57,57,57,'Aliquam quia consequatur nam nihil. Sed ad error adipisci eum mollitia nesciunt architecto. Deleniti nesciunt architecto minima non. Sit quia a aut voluptatem neque ducimus. Omnis aut cum in illo porro iste consequatur distinctio.','1983-12-11 09:58:13'),(58,58,58,'Voluptatibus placeat harum harum laborum vero sit voluptatem aut. Ipsam pariatur voluptatem vero pariatur quis nam qui. Aut veritatis corrupti fuga vel velit cumque. Et ut ipsum fugiat sint. Ullam quos vitae similique in ea.','2013-07-01 10:45:16'),(59,59,59,'Veritatis velit sit accusantium perferendis praesentium aut beatae rerum. Enim molestiae fuga sapiente qui. Inventore quia architecto autem voluptatem. Nostrum sint ipsam sint explicabo aperiam recusandae omnis. Sit sit dolor ipsam quasi hic velit non nemo.','1986-09-05 06:10:56'),(60,60,60,'Quia iste totam distinctio omnis et praesentium. Accusamus id sed omnis.','1994-06-23 04:07:40'),(61,61,61,'Possimus sed quasi officia inventore possimus. Id est repellat ullam corporis ab ut eos. Nesciunt vitae architecto voluptas.','1993-03-01 08:24:08'),(62,62,62,'Rerum perferendis tenetur assumenda vitae adipisci ut et. Exercitationem id et aut recusandae et totam voluptatum. Aut aut fugit ipsa ut suscipit eius ipsam rem. Optio dolores quasi dolorem ab ut.','1982-03-24 11:25:31'),(63,63,63,'Nisi dignissimos dolor repellendus nihil cum neque. Officiis sit qui eius omnis culpa voluptate. Alias eum maiores voluptatem vel.','2003-09-30 20:18:10'),(64,64,64,'Repellat officiis sint repellendus ipsa. Nemo officia consequuntur odit quas error ipsam.','2009-02-18 07:15:20'),(65,65,65,'Aspernatur in neque possimus. Hic eligendi id quia quas veritatis ratione distinctio. Odit nihil consequatur commodi mollitia.','1999-09-12 07:22:59'),(66,66,66,'Assumenda suscipit est beatae dignissimos ab beatae eveniet fugiat. Voluptatem eos itaque quis consequatur tempora. Id dolores quaerat ea. Quis repellendus rerum quia omnis quia sint aut.','2008-12-20 08:19:09'),(67,67,67,'Aspernatur nulla dolorem consequuntur dignissimos. Quisquam beatae cumque laudantium dicta. Architecto non architecto provident. Ipsam ea et ratione suscipit.','1994-11-10 15:03:46'),(68,68,68,'Neque reprehenderit accusantium dolorem necessitatibus. Eum iusto sunt officia qui. Beatae consequuntur reiciendis a ut dolorem.','1981-05-16 07:58:30'),(69,69,69,'Ea natus qui quo. Est molestias et enim quam commodi ut. Officiis sed et nulla ratione quod dolorem suscipit. Nemo aliquid vel dolores dolorum.','2015-12-26 12:24:39'),(70,70,70,'Rerum aut magni rerum voluptatibus qui tempore aut. Voluptatem natus voluptate exercitationem sunt. Quidem impedit quia hic nam pariatur ab. Consectetur illo necessitatibus assumenda facilis.','1993-08-06 03:03:23'),(71,71,71,'Provident repellendus eos ea perspiciatis. Iste id perspiciatis nobis sit. Suscipit suscipit sint officia. Aut aut quaerat nobis adipisci aspernatur. Voluptas omnis a veritatis est cum illo.','2019-03-05 19:23:46'),(72,72,72,'Expedita illo iusto in laudantium culpa. Deleniti unde suscipit non quas laboriosam vel. Laudantium vel eos praesentium rem vel ut perferendis. Veritatis aut voluptates quia sunt nulla voluptatibus aut.','1980-07-05 17:39:43'),(73,73,73,'Excepturi nam molestiae accusantium praesentium error. Eius eum sit eos dolores. Nostrum sunt provident nihil enim. Adipisci sed exercitationem corrupti asperiores ducimus.','1973-10-18 05:03:13'),(74,74,74,'Et quisquam excepturi cum. Deleniti quia vel culpa qui. Est quia sapiente sint sint. Sit qui quo eum aut voluptates omnis et tempora.','1983-11-07 23:59:25'),(75,75,75,'Aut ipsam est earum alias exercitationem ut. Alias omnis et nostrum eligendi. Enim rerum veniam voluptas praesentium doloremque. Excepturi reprehenderit cum non fugiat rem facilis eaque.','2002-03-05 00:21:20'),(76,76,76,'Dolores et quis aliquam ullam pariatur in. Omnis eum ut eligendi est placeat aut necessitatibus. Dignissimos cumque molestiae quo. Et fugit mollitia et.','1985-09-16 16:57:30'),(77,77,77,'Voluptatem qui quia voluptatem ea ut. Explicabo aut praesentium rerum et vel tempore. Dolor labore rerum earum magni rerum. Distinctio libero et id tenetur praesentium repellendus eveniet.','2014-04-13 15:12:42'),(78,78,78,'Impedit delectus eum debitis aut. Molestiae est qui commodi et. Dolorum magnam aliquid dolorem deserunt tempore molestiae. Quis velit nobis inventore voluptatem.','2019-08-24 21:46:47'),(79,79,79,'Expedita quam eum voluptates minima sunt laboriosam. Et occaecati ut non repellat alias neque ea sit. Et sit nulla sint in iusto iusto.','2000-06-30 06:59:31'),(80,80,80,'Nobis aut quasi dolores quam quia. Porro dolorum accusamus fugiat aut repellat doloribus nihil. Et enim tempore quia omnis et.','2000-11-19 03:52:57'),(81,81,81,'Placeat quis ipsam voluptatem ipsum sed ullam. Beatae iusto in eum. Unde dolor reiciendis et dolores. Quisquam dolorem porro nesciunt vitae molestiae ab voluptatum.','2008-04-19 06:18:30'),(82,82,82,'Placeat ad rerum sed temporibus quia ipsam ut. Vitae neque modi amet nihil est et nam. Est molestiae itaque sunt amet. Quo ea enim ut quos.','2004-04-15 17:47:46'),(83,83,83,'Voluptatem ullam saepe ex cum repudiandae quis quia. Expedita blanditiis et quia et eligendi. Tenetur voluptas est facere facere tenetur. Culpa dicta eos minus ipsa tempora aut non.','1977-09-19 07:27:20'),(84,84,84,'Ullam repudiandae corrupti quia quia aperiam impedit. Earum minima veritatis autem inventore aut recusandae pariatur. Recusandae fugit animi quisquam animi qui rem officiis.','2012-06-24 20:42:38'),(85,85,85,'Velit reiciendis voluptatem vel temporibus sequi et est. Ut sed tenetur ex magnam quia quia est. Vel sit labore corrupti et sed molestiae aliquam exercitationem.','1995-08-19 16:34:13'),(86,86,86,'Porro sequi asperiores impedit reprehenderit occaecati excepturi. Vero explicabo sunt est facere iusto harum repellat. Amet natus natus quibusdam dolor velit vel dolores in. Dolorem voluptatibus illum provident qui sit magnam est.','1976-09-02 03:02:20'),(87,87,87,'Quo soluta similique accusantium. Earum quis inventore dolorum qui. Eum quia et odio et doloremque facere corporis.','1972-11-17 22:54:35'),(88,88,88,'Voluptatem beatae vitae modi quia. Veniam quam velit voluptas. Id quo suscipit harum similique. Aut amet sint labore pariatur vel voluptas.','2015-08-02 06:09:19'),(89,89,89,'Iste sed debitis commodi autem aliquid ullam praesentium. Quos id voluptatibus voluptatem consequatur et. Omnis et excepturi inventore nobis et. Ut distinctio quis rerum animi numquam necessitatibus dolorem.','2002-11-10 08:26:33'),(90,90,90,'Porro aut omnis excepturi. Est molestiae fugit omnis qui et commodi. Laboriosam recusandae est et ratione adipisci perspiciatis non.','1995-06-28 03:19:18'),(91,91,91,'Repellendus perspiciatis magnam reprehenderit nesciunt. Nobis sequi aliquam odio aut. Voluptatem facilis consequatur laborum earum ab.','2020-01-31 09:02:50'),(92,92,92,'Accusantium non ullam aliquid tempore tenetur eum occaecati. Amet ullam quod ut repellat aut delectus. Vitae at reprehenderit odio repellendus et dolorem est sed. Tempore aut voluptas cum consequatur error.','1993-06-27 22:24:42'),(93,93,93,'Quis occaecati aut sunt est sint dicta a. Nulla magni excepturi ducimus nulla numquam. Sint et laudantium laborum sapiente aut ullam cum.','2002-06-11 04:09:10'),(94,94,94,'Necessitatibus est cumque maxime ullam nihil sed. Incidunt qui ducimus sed earum nostrum est. Repudiandae sapiente nesciunt aut distinctio velit iusto enim. Omnis nemo qui ut.','2018-04-13 21:25:36'),(95,95,95,'Quis nulla aut labore quos molestiae atque ab. Dolor laudantium accusamus ut vel voluptate delectus. Doloremque sint dolorem assumenda qui. Debitis nostrum ipsa omnis dicta excepturi inventore.','2008-02-23 13:32:05'),(96,96,96,'Quia molestiae aperiam ad voluptatem. Ullam quos voluptate cupiditate rerum illo. Ut et saepe doloribus beatae. Aut dicta est et provident nemo voluptas.','1991-01-10 17:20:48'),(97,97,97,'Consequatur sit molestiae voluptas veniam iste consequatur. Aut culpa dolorem qui atque eos est dolorem. Ipsum qui non libero. Incidunt incidunt rerum molestiae. Placeat dicta voluptatibus ab soluta mollitia dolore ducimus.','1979-03-05 15:20:24'),(98,98,98,'Est aperiam ut nesciunt est et dolores placeat. Doloribus dolor suscipit et iste magnam quia. Sint qui error sequi consequatur nemo modi aut.','2004-05-19 00:11:05'),(99,99,99,'Commodi adipisci enim id tempora sequi dolores autem occaecati. Sit ut vel voluptate necessitatibus corporis ea et.','1987-02-09 14:31:44'),(100,100,100,'Sit dolorum et mollitia sunt. Illo ut qui tenetur cumque. Tempora autem pariatur voluptatibus qui.','1982-09-25 10:23:45');
/*!40000 ALTER TABLE `messages` ENABLE KEYS */;
UNLOCK TABLES;

--
-- Table structure for table `music`
--

DROP TABLE IF EXISTS `music`;
/*!40101 SET @saved_cs_client     = @@character_set_client */;
/*!40101 SET character_set_client = utf8 */;
CREATE TABLE `music` (
  `id` bigint(20) unsigned NOT NULL AUTO_INCREMENT,
  `track_name` varchar(50) COLLATE utf8mb4_unicode_ci DEFAULT NULL,
  `duration` varchar(15) COLLATE utf8mb4_unicode_ci DEFAULT NULL,
  `album_id` bigint(20) unsigned NOT NULL,
  `performers_id` bigint(20) unsigned NOT NULL,
  `added_user_id` bigint(20) unsigned NOT NULL,
  `created_at` datetime DEFAULT current_timestamp(),
  PRIMARY KEY (`id`),
  KEY `album_id` (`album_id`),
  KEY `performers_id` (`performers_id`),
  KEY `added_user_id` (`added_user_id`),
  KEY `music_track_name` (`track_name`),
  CONSTRAINT `music_ibfk_1` FOREIGN KEY (`album_id`) REFERENCES `album_music` (`id`) ON DELETE CASCADE ON UPDATE CASCADE,
  CONSTRAINT `music_ibfk_2` FOREIGN KEY (`performers_id`) REFERENCES `performers_music` (`id`) ON DELETE CASCADE ON UPDATE CASCADE,
  CONSTRAINT `music_ibfk_3` FOREIGN KEY (`added_user_id`) REFERENCES `users` (`id`)
) ENGINE=InnoDB AUTO_INCREMENT=101 DEFAULT CHARSET=utf8mb4 COLLATE=utf8mb4_unicode_ci;
/*!40101 SET character_set_client = @saved_cs_client */;

--
-- Dumping data for table `music`
--

LOCK TABLES `music` WRITE;
/*!40000 ALTER TABLE `music` DISABLE KEYS */;
INSERT INTO `music` VALUES (1,'nulla','15:48:07',1,1,1,'2020-04-28 03:33:08'),(2,'dolorem','21:00:26',2,2,2,'2006-02-21 18:32:43'),(3,'magnam','13:40:36',3,3,3,'2010-07-13 15:37:20'),(4,'sint','22:58:08',4,4,4,'1995-05-14 22:26:50'),(5,'aut','11:56:58',5,5,5,'1995-01-18 14:39:44'),(6,'labore','19:03:36',6,6,6,'1991-12-25 09:08:20'),(7,'corrupti','07:30:06',7,7,7,'1990-07-03 16:11:39'),(8,'nam','13:28:58',8,8,8,'1994-07-30 00:38:04'),(9,'laborum','04:18:57',9,9,9,'1992-07-18 19:39:04'),(10,'ea','11:20:12',10,10,10,'2018-05-07 07:11:14'),(11,'repellat','09:18:42',11,11,11,'2002-02-25 00:03:05'),(12,'nam','16:11:32',12,12,12,'2010-05-30 20:22:19'),(13,'ipsa','10:47:31',13,13,13,'2012-03-04 16:37:02'),(14,'hic','21:01:14',14,14,14,'2001-05-10 16:22:51'),(15,'autem','00:13:15',15,15,15,'2001-05-07 10:14:41'),(16,'ut','08:02:31',16,16,16,'2002-09-30 06:23:50'),(17,'et','05:07:00',17,17,17,'2008-02-07 07:41:47'),(18,'et','08:25:29',18,18,18,'1993-08-20 09:15:56'),(19,'quam','07:57:34',19,19,19,'1979-10-26 00:44:53'),(20,'minima','01:31:09',20,20,20,'2011-05-18 23:11:05'),(21,'voluptatem','20:06:07',21,21,21,'1998-01-21 17:38:02'),(22,'et','11:45:37',22,22,22,'1989-09-09 08:19:17'),(23,'odit','12:03:57',23,23,23,'2011-05-23 23:30:45'),(24,'reprehenderit','04:49:23',24,24,24,'2015-12-27 12:02:16'),(25,'velit','14:14:37',25,25,25,'1972-08-28 14:44:43'),(26,'omnis','23:46:01',26,26,26,'1993-07-18 07:58:31'),(27,'alias','07:46:06',27,27,27,'1984-09-19 21:25:30'),(28,'provident','21:26:20',28,28,28,'1977-09-07 15:43:17'),(29,'quam','10:55:33',29,29,29,'1980-03-08 09:28:45'),(30,'quia','19:26:35',30,30,30,'2002-02-08 13:57:58'),(31,'quia','05:38:53',31,31,31,'2017-07-28 09:48:14'),(32,'in','16:09:40',32,32,32,'1983-08-05 11:06:07'),(33,'et','04:30:16',33,33,33,'1991-12-14 19:41:38'),(34,'eveniet','07:56:02',34,34,34,'2004-04-25 15:54:02'),(35,'possimus','02:21:46',35,35,35,'2018-02-22 23:40:51'),(36,'distinctio','04:09:57',36,36,36,'1980-03-08 01:04:09'),(37,'consequatur','06:55:55',37,37,37,'1989-10-21 07:43:58'),(38,'pariatur','06:27:20',38,38,38,'1975-03-16 13:47:13'),(39,'voluptas','20:26:15',39,39,39,'1997-04-30 05:59:05'),(40,'commodi','01:24:01',40,40,40,'2014-12-09 23:29:09'),(41,'et','17:20:37',41,41,41,'1973-11-08 08:27:44'),(42,'vero','09:44:33',42,42,42,'1976-08-30 13:48:31'),(43,'quibusdam','20:10:51',43,43,43,'2007-12-08 12:48:08'),(44,'animi','05:24:32',44,44,44,'1984-01-23 18:29:53'),(45,'odit','19:01:10',45,45,45,'2001-05-14 18:19:09'),(46,'voluptatibus','01:43:57',46,46,46,'1983-11-30 17:44:44'),(47,'atque','06:57:31',47,47,47,'2012-06-10 16:43:04'),(48,'quia','21:56:05',48,48,48,'1985-09-07 22:41:57'),(49,'similique','18:05:46',49,49,49,'2011-10-22 06:40:22'),(50,'totam','14:33:56',50,50,50,'1996-05-02 06:21:34'),(51,'temporibus','12:40:14',51,51,51,'2003-01-23 12:49:01'),(52,'in','08:22:27',52,52,52,'1977-07-22 03:37:52'),(53,'rem','02:03:04',53,53,53,'1987-08-29 15:47:11'),(54,'quasi','04:33:51',54,54,54,'1986-08-16 19:13:07'),(55,'culpa','04:13:32',55,55,55,'1986-11-21 15:11:20'),(56,'est','04:16:28',56,56,56,'2009-11-05 22:40:11'),(57,'voluptas','01:54:47',57,57,57,'1980-03-09 04:36:29'),(58,'ex','02:50:02',58,58,58,'1970-07-29 03:35:02'),(59,'eveniet','02:05:16',59,59,59,'1981-05-23 04:33:51'),(60,'eos','11:21:41',60,60,60,'2004-10-11 13:11:43'),(61,'consectetur','06:22:49',61,61,61,'1974-01-13 02:44:51'),(62,'rerum','20:26:21',62,62,62,'1993-11-16 19:50:48'),(63,'deleniti','22:32:45',63,63,63,'1976-07-20 16:06:25'),(64,'necessitatibus','09:03:36',64,64,64,'2005-09-17 16:05:48'),(65,'ipsum','06:41:20',65,65,65,'2016-05-30 02:41:50'),(66,'pariatur','09:30:11',66,66,66,'1987-07-28 22:48:27'),(67,'dolorem','23:16:31',67,67,67,'2010-04-16 08:17:02'),(68,'nulla','21:04:40',68,68,68,'1999-01-14 11:35:07'),(69,'dolorum','08:39:38',69,69,69,'1974-10-18 18:30:58'),(70,'nobis','08:56:53',70,70,70,'1995-08-30 06:18:32'),(71,'nobis','01:35:29',71,71,71,'2016-11-10 13:11:48'),(72,'autem','16:08:05',72,72,72,'1981-12-23 21:03:51'),(73,'pariatur','14:36:41',73,73,73,'2020-01-12 08:26:40'),(74,'ratione','17:37:01',74,74,74,'2004-10-18 13:35:01'),(75,'modi','21:12:24',75,75,75,'1970-11-24 12:32:42'),(76,'cum','00:08:34',76,76,76,'1991-06-25 02:51:48'),(77,'expedita','12:16:36',77,77,77,'2001-12-28 00:47:05'),(78,'dicta','03:16:54',78,78,78,'1984-02-03 04:45:03'),(79,'molestiae','09:23:52',79,79,79,'1975-02-27 11:09:06'),(80,'odio','04:59:29',80,80,80,'1972-12-02 02:56:20'),(81,'nam','21:40:54',81,81,81,'2009-08-22 08:14:17'),(82,'id','09:29:46',82,82,82,'1976-06-05 14:52:41'),(83,'nulla','21:09:23',83,83,83,'2003-03-25 20:10:10'),(84,'quia','14:33:47',84,84,84,'2005-09-11 09:07:05'),(85,'consequatur','00:58:14',85,85,85,'1994-07-23 18:15:37'),(86,'rerum','08:35:01',86,86,86,'2008-03-09 06:09:21'),(87,'quis','00:13:17',87,87,87,'2006-09-10 04:18:52'),(88,'quo','15:12:34',88,88,88,'1983-12-29 02:51:37'),(89,'consequatur','01:04:00',89,89,89,'1979-01-23 15:17:58'),(90,'perspiciatis','14:51:20',90,90,90,'1999-10-27 11:57:40'),(91,'et','15:39:34',91,91,91,'1985-02-22 10:51:34'),(92,'eos','06:54:38',92,92,92,'2000-11-22 19:16:34'),(93,'debitis','11:39:37',93,93,93,'2009-10-21 00:30:44'),(94,'in','23:43:18',94,94,94,'2008-12-09 09:32:26'),(95,'perspiciatis','11:44:19',95,95,95,'1992-09-27 16:16:38'),(96,'ratione','09:04:08',96,96,96,'2020-05-09 11:44:41'),(97,'id','00:47:52',97,97,97,'2021-01-01 19:42:38'),(98,'et','15:29:57',98,98,98,'1994-05-07 08:32:57'),(99,'consequatur','14:41:49',99,99,99,'2019-11-13 11:50:07'),(100,'non','07:09:13',100,100,100,'1998-09-07 21:24:18');
/*!40000 ALTER TABLE `music` ENABLE KEYS */;
UNLOCK TABLES;

--
-- Table structure for table `my_play_list`
--

DROP TABLE IF EXISTS `my_play_list`;
/*!40101 SET @saved_cs_client     = @@character_set_client */;
/*!40101 SET character_set_client = utf8 */;
CREATE TABLE `my_play_list` (
  `id` bigint(20) unsigned NOT NULL AUTO_INCREMENT,
  `user_music_id` bigint(20) unsigned DEFAULT NULL,
  `my_music_id` bigint(20) unsigned DEFAULT NULL,
  PRIMARY KEY (`id`),
  KEY `user_music_id` (`user_music_id`),
  KEY `my_music_id` (`my_music_id`),
  CONSTRAINT `my_play_list_ibfk_1` FOREIGN KEY (`user_music_id`) REFERENCES `users` (`id`),
  CONSTRAINT `my_play_list_ibfk_2` FOREIGN KEY (`my_music_id`) REFERENCES `music` (`id`) ON DELETE CASCADE ON UPDATE CASCADE
) ENGINE=InnoDB AUTO_INCREMENT=101 DEFAULT CHARSET=utf8mb4 COLLATE=utf8mb4_unicode_ci;
/*!40101 SET character_set_client = @saved_cs_client */;

--
-- Dumping data for table `my_play_list`
--

LOCK TABLES `my_play_list` WRITE;
/*!40000 ALTER TABLE `my_play_list` DISABLE KEYS */;
INSERT INTO `my_play_list` VALUES (1,1,1),(2,2,2),(3,3,3),(4,4,4),(5,5,5),(6,6,6),(7,7,7),(8,8,8),(9,9,9),(10,10,10),(11,11,11),(12,12,12),(13,13,13),(14,14,14),(15,15,15),(16,16,16),(17,17,17),(18,18,18),(19,19,19),(20,20,20),(21,21,21),(22,22,22),(23,23,23),(24,24,24),(25,25,25),(26,26,26),(27,27,27),(28,28,28),(29,29,29),(30,30,30),(31,31,31),(32,32,32),(33,33,33),(34,34,34),(35,35,35),(36,36,36),(37,37,37),(38,38,38),(39,39,39),(40,40,40),(41,41,41),(42,42,42),(43,43,43),(44,44,44),(45,45,45),(46,46,46),(47,47,47),(48,48,48),(49,49,49),(50,50,50),(51,51,51),(52,52,52),(53,53,53),(54,54,54),(55,55,55),(56,56,56),(57,57,57),(58,58,58),(59,59,59),(60,60,60),(61,61,61),(62,62,62),(63,63,63),(64,64,64),(65,65,65),(66,66,66),(67,67,67),(68,68,68),(69,69,69),(70,70,70),(71,71,71),(72,72,72),(73,73,73),(74,74,74),(75,75,75),(76,76,76),(77,77,77),(78,78,78),(79,79,79),(80,80,80),(81,81,81),(82,82,82),(83,83,83),(84,84,84),(85,85,85),(86,86,86),(87,87,87),(88,88,88),(89,89,89),(90,90,90),(91,91,91),(92,92,92),(93,93,93),(94,94,94),(95,95,95),(96,96,96),(97,97,97),(98,98,98),(99,99,99),(100,100,100);
/*!40000 ALTER TABLE `my_play_list` ENABLE KEYS */;
UNLOCK TABLES;

--
-- Table structure for table `performers_music`
--

DROP TABLE IF EXISTS `performers_music`;
/*!40101 SET @saved_cs_client     = @@character_set_client */;
/*!40101 SET character_set_client = utf8 */;
CREATE TABLE `performers_music` (
  `id` bigint(20) unsigned NOT NULL AUTO_INCREMENT,
  `performers_name` varchar(50) COLLATE utf8mb4_unicode_ci DEFAULT NULL,
  PRIMARY KEY (`id`),
  UNIQUE KEY `id` (`id`)
) ENGINE=InnoDB AUTO_INCREMENT=101 DEFAULT CHARSET=utf8mb4 COLLATE=utf8mb4_unicode_ci;
/*!40101 SET character_set_client = @saved_cs_client */;

--
-- Dumping data for table `performers_music`
--

LOCK TABLES `performers_music` WRITE;
/*!40000 ALTER TABLE `performers_music` DISABLE KEYS */;
INSERT INTO `performers_music` VALUES (1,'eligendi'),(2,'qui'),(3,'quasi'),(4,'aut'),(5,'delectus'),(6,'magni'),(7,'incidunt'),(8,'dolores'),(9,'debitis'),(10,'non'),(11,'est'),(12,'eveniet'),(13,'sequi'),(14,'et'),(15,'nisi'),(16,'tempora'),(17,'dolores'),(18,'voluptas'),(19,'voluptatum'),(20,'adipisci'),(21,'et'),(22,'est'),(23,'quae'),(24,'non'),(25,'perferendis'),(26,'quas'),(27,'ea'),(28,'aspernatur'),(29,'laborum'),(30,'aspernatur'),(31,'magni'),(32,'consectetur'),(33,'eaque'),(34,'quis'),(35,'animi'),(36,'dolor'),(37,'dolorem'),(38,'qui'),(39,'voluptatem'),(40,'sunt'),(41,'veritatis'),(42,'aut'),(43,'praesentium'),(44,'et'),(45,'autem'),(46,'quia'),(47,'consequatur'),(48,'sequi'),(49,'tempora'),(50,'pariatur'),(51,'totam'),(52,'vel'),(53,'est'),(54,'amet'),(55,'et'),(56,'fugiat'),(57,'id'),(58,'illum'),(59,'iusto'),(60,'nobis'),(61,'nam'),(62,'odio'),(63,'quibusdam'),(64,'in'),(65,'in'),(66,'autem'),(67,'est'),(68,'provident'),(69,'alias'),(70,'iusto'),(71,'natus'),(72,'optio'),(73,'voluptate'),(74,'laborum'),(75,'in'),(76,'soluta'),(77,'veritatis'),(78,'qui'),(79,'consequatur'),(80,'illo'),(81,'illum'),(82,'necessitatibus'),(83,'aliquam'),(84,'molestiae'),(85,'quam'),(86,'et'),(87,'voluptate'),(88,'error'),(89,'sed'),(90,'voluptatibus'),(91,'mollitia'),(92,'fugit'),(93,'cum'),(94,'odit'),(95,'ipsum'),(96,'voluptatem'),(97,'et'),(98,'facere'),(99,'sed'),(100,'et');
/*!40000 ALTER TABLE `performers_music` ENABLE KEYS */;
UNLOCK TABLES;

--
-- Table structure for table `photo`
--

DROP TABLE IF EXISTS `photo`;
/*!40101 SET @saved_cs_client     = @@character_set_client */;
/*!40101 SET character_set_client = utf8 */;
CREATE TABLE `photo` (
  `id` bigint(20) unsigned NOT NULL AUTO_INCREMENT,
  `album_id` bigint(20) unsigned NOT NULL,
  `media_id` bigint(20) unsigned NOT NULL,
  PRIMARY KEY (`id`),
  KEY `album_id` (`album_id`),
  KEY `media_id` (`media_id`),
  CONSTRAINT `photo_ibfk_1` FOREIGN KEY (`album_id`) REFERENCES `photo_albums` (`id`) ON DELETE CASCADE ON UPDATE CASCADE,
  CONSTRAINT `photo_ibfk_2` FOREIGN KEY (`media_id`) REFERENCES `media` (`id`) ON DELETE CASCADE ON UPDATE CASCADE
) ENGINE=InnoDB AUTO_INCREMENT=101 DEFAULT CHARSET=utf8mb4 COLLATE=utf8mb4_unicode_ci;
/*!40101 SET character_set_client = @saved_cs_client */;

--
-- Dumping data for table `photo`
--

LOCK TABLES `photo` WRITE;
/*!40000 ALTER TABLE `photo` DISABLE KEYS */;
INSERT INTO `photo` VALUES (1,1,1),(2,2,2),(3,3,3),(4,4,4),(5,5,5),(6,6,6),(7,7,7),(8,8,8),(9,9,9),(10,10,10),(11,11,11),(12,12,12),(13,13,13),(14,14,14),(15,15,15),(16,16,16),(17,17,17),(18,18,18),(19,19,19),(20,20,20),(21,21,21),(22,22,22),(23,23,23),(24,24,24),(25,25,25),(26,26,26),(27,27,27),(28,28,28),(29,29,29),(30,30,30),(31,31,31),(32,32,32),(33,33,33),(34,34,34),(35,35,35),(36,36,36),(37,37,37),(38,38,38),(39,39,39),(40,40,40),(41,41,41),(42,42,42),(43,43,43),(44,44,44),(45,45,45),(46,46,46),(47,47,47),(48,48,48),(49,49,49),(50,50,50),(51,51,51),(52,52,52),(53,53,53),(54,54,54),(55,55,55),(56,56,56),(57,57,57),(58,58,58),(59,59,59),(60,60,60),(61,61,61),(62,62,62),(63,63,63),(64,64,64),(65,65,65),(66,66,66),(67,67,67),(68,68,68),(69,69,69),(70,70,70),(71,71,71),(72,72,72),(73,73,73),(74,74,74),(75,75,75),(76,76,76),(77,77,77),(78,78,78),(79,79,79),(80,80,80),(81,81,81),(82,82,82),(83,83,83),(84,84,84),(85,85,85),(86,86,86),(87,87,87),(88,88,88),(89,89,89),(90,90,90),(91,91,91),(92,92,92),(93,93,93),(94,94,94),(95,95,95),(96,96,96),(97,97,97),(98,98,98),(99,99,99),(100,100,100);
/*!40000 ALTER TABLE `photo` ENABLE KEYS */;
UNLOCK TABLES;

--
-- Table structure for table `photo_albums`
--

DROP TABLE IF EXISTS `photo_albums`;
/*!40101 SET @saved_cs_client     = @@character_set_client */;
/*!40101 SET character_set_client = utf8 */;
CREATE TABLE `photo_albums` (
  `id` bigint(20) unsigned NOT NULL AUTO_INCREMENT,
  `name` varchar(255) COLLATE utf8mb4_unicode_ci DEFAULT NULL,
  `user_id` bigint(20) unsigned DEFAULT NULL,
  PRIMARY KEY (`id`),
  UNIQUE KEY `id` (`id`),
  KEY `user_id` (`user_id`),
  CONSTRAINT `photo_albums_ibfk_1` FOREIGN KEY (`user_id`) REFERENCES `users` (`id`) ON DELETE CASCADE ON UPDATE CASCADE
) ENGINE=InnoDB AUTO_INCREMENT=101 DEFAULT CHARSET=utf8mb4 COLLATE=utf8mb4_unicode_ci;
/*!40101 SET character_set_client = @saved_cs_client */;

--
-- Dumping data for table `photo_albums`
--

LOCK TABLES `photo_albums` WRITE;
/*!40000 ALTER TABLE `photo_albums` DISABLE KEYS */;
INSERT INTO `photo_albums` VALUES (1,'quis',1),(2,'quo',2),(3,'dignissimos',3),(4,'distinctio',4),(5,'enim',5),(6,'repellat',6),(7,'rem',7),(8,'rerum',8),(9,'occaecati',9),(10,'alias',10),(11,'dicta',11),(12,'corporis',12),(13,'atque',13),(14,'quibusdam',14),(15,'autem',15),(16,'nostrum',16),(17,'fuga',17),(18,'non',18),(19,'fuga',19),(20,'nostrum',20),(21,'illum',21),(22,'et',22),(23,'inventore',23),(24,'omnis',24),(25,'qui',25),(26,'numquam',26),(27,'veritatis',27),(28,'sit',28),(29,'qui',29),(30,'harum',30),(31,'sequi',31),(32,'quaerat',32),(33,'animi',33),(34,'distinctio',34),(35,'nihil',35),(36,'totam',36),(37,'rerum',37),(38,'eaque',38),(39,'nulla',39),(40,'est',40),(41,'sunt',41),(42,'minus',42),(43,'blanditiis',43),(44,'laudantium',44),(45,'quis',45),(46,'eum',46),(47,'eum',47),(48,'sit',48),(49,'et',49),(50,'alias',50),(51,'aut',51),(52,'ullam',52),(53,'ullam',53),(54,'dolorem',54),(55,'ullam',55),(56,'provident',56),(57,'itaque',57),(58,'suscipit',58),(59,'rerum',59),(60,'molestiae',60),(61,'dolor',61),(62,'dolorem',62),(63,'iure',63),(64,'assumenda',64),(65,'possimus',65),(66,'et',66),(67,'aperiam',67),(68,'et',68),(69,'labore',69),(70,'voluptas',70),(71,'libero',71),(72,'nesciunt',72),(73,'quas',73),(74,'rerum',74),(75,'vitae',75),(76,'voluptatem',76),(77,'ipsam',77),(78,'totam',78),(79,'cumque',79),(80,'odio',80),(81,'sapiente',81),(82,'saepe',82),(83,'in',83),(84,'voluptates',84),(85,'labore',85),(86,'soluta',86),(87,'veniam',87),(88,'voluptas',88),(89,'quia',89),(90,'temporibus',90),(91,'dolores',91),(92,'nobis',92),(93,'adipisci',93),(94,'vel',94),(95,'consequatur',95),(96,'blanditiis',96),(97,'quia',97),(98,'et',98),(99,'consequatur',99),(100,'pariatur',100);
/*!40000 ALTER TABLE `photo_albums` ENABLE KEYS */;
UNLOCK TABLES;

--
-- Table structure for table `profiles`
--

DROP TABLE IF EXISTS `profiles`;
/*!40101 SET @saved_cs_client     = @@character_set_client */;
/*!40101 SET character_set_client = utf8 */;
CREATE TABLE `profiles` (
  `user_id` bigint(20) unsigned NOT NULL AUTO_INCREMENT,
  `gender` char(1) COLLATE utf8mb4_unicode_ci DEFAULT NULL,
  `birthday` date DEFAULT NULL,
  `photo_id` bigint(20) unsigned DEFAULT NULL,
  `created_at` datetime DEFAULT current_timestamp(),
  `hometown` varchar(100) COLLATE utf8mb4_unicode_ci DEFAULT NULL,
  PRIMARY KEY (`user_id`),
  CONSTRAINT `fk_user_id` FOREIGN KEY (`user_id`) REFERENCES `users` (`id`) ON DELETE CASCADE ON UPDATE CASCADE
) ENGINE=InnoDB AUTO_INCREMENT=101 DEFAULT CHARSET=utf8mb4 COLLATE=utf8mb4_unicode_ci;
/*!40101 SET character_set_client = @saved_cs_client */;

--
-- Dumping data for table `profiles`
--

LOCK TABLES `profiles` WRITE;
/*!40000 ALTER TABLE `profiles` DISABLE KEYS */;
INSERT INTO `profiles` VALUES (1,'m','1978-09-01',1,'2016-08-30 11:36:45',NULL),(2,'m','2009-01-15',2,'2008-01-10 23:28:00',NULL),(3,'f','1992-12-25',3,'1989-09-04 21:48:06',NULL),(4,'f','1991-02-10',4,'1980-12-02 03:42:03',NULL),(5,'f','2010-02-25',5,'1993-10-11 18:19:55',NULL),(6,'f','2015-07-22',6,'1976-08-15 21:49:11',NULL),(7,'m','1984-10-01',7,'2017-06-11 21:25:53',NULL),(8,'f','1998-04-18',8,'2009-10-25 16:27:18',NULL),(9,'f','1995-12-15',9,'2020-06-06 20:23:52',NULL),(10,'f','1972-06-25',10,'1984-07-30 02:28:55',NULL),(11,'m','1982-09-29',11,'1983-12-08 02:33:24',NULL),(12,'m','2016-06-15',12,'1984-11-15 03:25:18',NULL),(13,'m','1996-08-20',13,'1988-12-30 12:42:35',NULL),(14,'f','1986-03-24',14,'1990-11-08 03:06:22',NULL),(15,'m','1982-07-25',15,'1971-02-06 00:45:06',NULL),(16,'m','1987-08-08',16,'2010-08-27 19:47:09',NULL),(17,'f','2017-06-09',17,'2000-12-02 09:27:26',NULL),(18,'f','2004-12-25',18,'1983-10-24 20:15:04',NULL),(19,'m','2019-06-22',19,'2011-02-21 23:34:02',NULL),(20,'f','2016-08-09',20,'1972-05-22 11:02:38',NULL),(21,'f','1981-08-29',21,'1998-01-22 00:43:17',NULL),(22,'f','2014-12-10',22,'1993-01-07 00:16:17',NULL),(23,'f','2003-11-28',23,'2012-05-30 15:17:05',NULL),(24,'m','2009-10-20',24,'2011-02-19 01:32:47',NULL),(25,'f','1991-01-02',25,'1972-05-25 07:04:55',NULL),(26,'f','1993-11-24',26,'1990-02-10 02:30:36',NULL),(27,'m','1973-03-05',27,'1982-10-20 16:35:25',NULL),(28,'f','1987-06-11',28,'2010-04-06 13:24:11',NULL),(29,'f','2000-08-01',29,'1982-01-23 06:20:05',NULL),(30,'f','1993-01-03',30,'1997-08-10 11:54:54',NULL),(31,'f','2014-01-03',31,'2020-03-04 11:02:57',NULL),(32,'m','1975-11-08',32,'2004-11-22 16:34:33',NULL),(33,'f','1971-05-15',33,'1980-04-29 11:49:09',NULL),(34,'f','1988-03-04',34,'2005-03-01 11:16:49',NULL),(35,'f','1991-11-04',35,'1974-11-20 08:51:06',NULL),(36,'m','1999-11-20',36,'2000-09-25 11:58:55',NULL),(37,'f','2020-01-15',37,'1977-10-06 20:05:46',NULL),(38,'m','1977-06-14',38,'1978-08-28 13:37:42',NULL),(39,'m','1989-11-11',39,'2014-03-18 17:07:51',NULL),(40,'m','2001-03-11',40,'1972-03-07 06:21:35',NULL),(41,'m','1988-11-05',41,'1977-07-02 01:27:25',NULL),(42,'f','2018-06-09',42,'2012-11-11 16:14:44',NULL),(43,'f','1995-08-07',43,'1979-12-13 09:33:07',NULL),(44,'f','2007-09-30',44,'1991-04-03 18:51:41',NULL),(45,'f','2003-12-27',45,'1978-04-18 14:12:47',NULL),(46,'m','1993-01-18',46,'2014-08-17 22:22:30',NULL),(47,'f','2007-03-15',47,'1976-04-03 07:24:20',NULL),(48,'f','2000-06-04',48,'1990-03-05 03:22:09',NULL),(49,'m','1996-07-04',49,'1975-07-03 02:36:07',NULL),(50,'m','1984-09-02',50,'1994-10-13 01:27:39',NULL),(51,'m','1994-05-11',51,'1979-01-19 19:43:37',NULL),(52,'f','2013-04-22',52,'2011-04-07 08:53:58',NULL),(53,'f','2015-06-04',53,'1979-03-31 08:21:11',NULL),(54,'f','1992-05-18',54,'1985-08-29 21:49:23',NULL),(55,'m','1971-05-25',55,'2006-08-14 22:44:20',NULL),(56,'f','1978-09-18',56,'1991-12-29 09:42:44',NULL),(57,'f','1972-06-29',57,'1991-01-29 13:27:16',NULL),(58,'m','1970-01-04',58,'1995-02-21 18:34:03',NULL),(59,'m','2004-07-20',59,'2003-01-22 02:30:22',NULL),(60,'f','1980-10-27',60,'1978-08-06 04:34:32',NULL),(61,'f','2011-10-05',61,'1976-08-08 05:54:58',NULL),(62,'m','1982-12-25',62,'1995-10-05 08:13:39',NULL),(63,'f','1987-03-30',63,'1990-06-12 04:45:55',NULL),(64,'f','2003-02-24',64,'2020-06-24 00:15:19',NULL),(65,'m','2019-02-17',65,'2002-09-16 12:57:28',NULL),(66,'m','1977-04-18',66,'2011-08-15 16:06:34',NULL),(67,'f','2009-09-05',67,'1985-04-03 08:03:28',NULL),(68,'f','1985-06-08',68,'1982-10-23 23:56:30',NULL),(69,'m','2005-06-20',69,'1977-10-28 01:04:06',NULL),(70,'f','2012-03-22',70,'1976-05-06 10:13:30',NULL),(71,'f','2015-03-19',71,'1995-05-03 20:24:48',NULL),(72,'m','1989-08-30',72,'2016-07-08 09:42:54',NULL),(73,'m','1970-10-10',73,'2003-07-12 18:23:46',NULL),(74,'f','1975-09-09',74,'2016-06-22 15:17:43',NULL),(75,'m','1981-08-10',75,'1999-10-17 13:07:26',NULL),(76,'f','1975-12-09',76,'1984-04-19 05:39:39',NULL),(77,'f','2004-11-30',77,'2004-12-18 07:07:15',NULL),(78,'f','2005-01-23',78,'1970-05-31 17:42:59',NULL),(79,'f','1980-06-24',79,'2017-04-28 07:09:15',NULL),(80,'m','2016-03-22',80,'2003-03-25 16:33:52',NULL),(81,'f','1979-12-01',81,'2005-02-11 01:35:51',NULL),(82,'m','2012-12-09',82,'2005-07-29 13:31:53',NULL),(83,'f','1982-06-25',83,'1980-05-29 07:01:05',NULL),(84,'m','1995-06-29',84,'1974-06-29 21:44:21',NULL),(85,'m','2001-02-20',85,'1995-07-12 01:42:21',NULL),(86,'f','1972-01-21',86,'1998-04-23 14:10:10',NULL),(87,'f','1984-03-11',87,'1980-05-15 10:09:52',NULL),(88,'m','2000-06-30',88,'1971-06-06 18:31:22',NULL),(89,'m','1971-12-28',89,'2020-08-21 16:49:38',NULL),(90,'f','1983-12-27',90,'1985-03-01 09:17:18',NULL),(91,'f','1995-12-17',91,'1991-09-26 06:07:48',NULL),(92,'f','2007-06-23',92,'1987-04-26 15:24:48',NULL),(93,'m','2003-02-04',93,'2018-03-16 10:29:34',NULL),(94,'f','1992-12-25',94,'1977-11-03 02:35:19',NULL),(95,'f','2020-06-01',95,'1986-04-01 14:12:37',NULL),(96,'f','1974-12-01',96,'1976-10-10 21:31:46',NULL),(97,'f','2013-02-26',97,'1999-07-05 01:55:26',NULL),(98,'f','2016-12-31',98,'2015-01-16 02:12:52',NULL),(99,'f','2016-09-02',99,'1994-09-14 17:32:43',NULL),(100,'f','1990-05-11',100,'1985-05-08 04:58:17',NULL);
/*!40000 ALTER TABLE `profiles` ENABLE KEYS */;
UNLOCK TABLES;

--
-- Table structure for table `users`
--

DROP TABLE IF EXISTS `users`;
/*!40101 SET @saved_cs_client     = @@character_set_client */;
/*!40101 SET character_set_client = utf8 */;
CREATE TABLE `users` (
  `id` bigint(20) unsigned NOT NULL AUTO_INCREMENT,
  `firstname` varchar(100) COLLATE utf8mb4_unicode_ci DEFAULT NULL,
  `lastname` varchar(100) COLLATE utf8mb4_unicode_ci DEFAULT NULL COMMENT '',
  `email` varchar(120) COLLATE utf8mb4_unicode_ci DEFAULT NULL,
  `password_hash` varchar(100) COLLATE utf8mb4_unicode_ci DEFAULT NULL,
  `phone` bigint(20) unsigned DEFAULT NULL,
  `is_deleted` bit(1) DEFAULT b'0',
  PRIMARY KEY (`id`),
  UNIQUE KEY `email` (`email`),
  KEY `users_firstname_lastname_idx` (`lastname`,`firstname`)
) ENGINE=InnoDB AUTO_INCREMENT=101 DEFAULT CHARSET=utf8mb4 COLLATE=utf8mb4_unicode_ci;
/*!40101 SET character_set_client = @saved_cs_client */;

--
-- Dumping data for table `users`
--

LOCK TABLES `users` WRITE;
/*!40000 ALTER TABLE `users` DISABLE KEYS */;
INSERT INTO `users` VALUES (1,'Modesta','Schultz','lindgren.cathy@example.com','bd3a9d6b139db3c122781d27d64c46aa9ed7606f',9154183809,''),(2,'Macey','Grimes','bennett49@example.net','9b0088fdd95418b9705a71df6afcf9866fb6871b',9306256055,'\0'),(3,'Susana','Wunsch','oma70@example.com','5be630878429c6a6e66196132fad32dd581bdd92',9214428467,''),(4,'Alessandra','Labadie','yrussel@example.com','930a68d530ae5bc095406a6058d823ba3c1a30ec',9316997632,''),(5,'Aurore','Leuschke','georgianna51@example.org','e2c89ce6f1fa872fdd92a1ea98be531a6ec87174',9094735574,''),(6,'Elizabeth','Abshire','vskiles@example.com','64265e7141b2d0fffeb1e1f2545bca59b75b62e9',9385159048,''),(7,'Kayden','Beahan','jgoyette@example.net','ad6db218fc532a3f243d735690e48b779fa0a57d',9171104095,''),(8,'Fletcher','Gislason','sawayn.eugenia@example.com','10555543b1772072ecc9ea45e1d13fea04e61a52',9168580239,''),(9,'Abdul','Bailey','crona.antwon@example.net','fd17e61379f9b0491ac0aa85e5f319bb79da20be',9251112504,'\0'),(10,'Lia','Reynolds','carmel.prohaska@example.org','f7d0febd7b257534da4390032aeda142912e1c99',9337068439,''),(11,'Allie','Mante','brendan27@example.org','fd7223a39d403dbb5bd673aa719df75f27614598',9295528879,''),(12,'Frankie','Shields','o\'reilly.giovanny@example.org','ffc1262d449e786c9f67a385069b4ec471e4cc4a',9125360585,'\0'),(13,'Bradley','Will','morar.trisha@example.com','d8853e0566e5e95e987a719b7af3b5160291b73e',9488357244,''),(14,'Candelario','Ziemann','ian.wiegand@example.net','5cb5a15cab1f9f58397584e36a5245e5f3292c29',9394537628,'\0'),(15,'Wilfrid','Considine','aleen.strosin@example.com','ad5a5090362966d89ab1b7698294e14acf774fd7',9144191177,''),(16,'Jocelyn','Smith','kherman@example.com','c217aa03c40be405df6daa2b47a297dc18bc099e',9145861056,''),(17,'Lolita','Torp','veda38@example.com','6acec8471f80dd9fca18a0a3c46193537997c53d',9117837602,'\0'),(18,'Percival','Greenfelder','fay.jailyn@example.com','6e4e5299c2fd080647186d030a73c7dd83ecb032',9352112024,'\0'),(19,'Ellen','Ullrich','wilhelmine98@example.com','eafc30933b018802c2cefa0ccc91e60be2b90ddc',9134625342,'\0'),(20,'Angelita','Schroeder','sipes.elfrieda@example.org','0bf53bf54de1a6377b831038a56099216d69151e',9190272928,''),(21,'Easton','Cormier','hyost@example.org','6ad0a4a54280c143c7ccaa0cfa23bf6992992146',9135191038,''),(22,'Davin','Corwin','cmckenzie@example.net','c5f675885419b9987ec17197dab6c8aa678b9519',9429527211,''),(23,'Kristin','Russel','upaucek@example.com','c6c153948b305691b80b3b7a91053a164468fe73',9150871028,''),(24,'Howard','Legros','noemy.feil@example.net','ef4a65620982a1d5907bdea1d8dc58d0b58697f7',9268418788,'\0'),(25,'Henderson','D\'Amore','pearlie.wehner@example.org','d510fa7d2fa473417eb6942148072482cf224d1b',9257429436,'\0'),(26,'Desiree','O\'Connell','rebeca00@example.net','575abbe2d62e63783d6ab96f4613bffd1c5170c9',9142530577,'\0'),(27,'Rickie','Mayert','delphine.bogan@example.org','1546486f8b8449221a73df391dde192882afbb22',9229261622,'\0'),(28,'Lillian','Kautzer','hamill.joanne@example.net','2d48bfed260f1b3444946d0a7c4bc0a5c1159887',9336539092,'\0'),(29,'Markus','Funk','hchristiansen@example.net','cc44c1272a8c079b587aa8b4589e251072ec4cfc',9489312481,'\0'),(30,'Alanna','Dach','arturo.kuphal@example.net','43208211434ac54d3c6755ea526076a443d3e4cc',9361956118,''),(31,'Retta','Robel','gstark@example.net','5d3cd51354221ea9a9c210646688f1ae7f94defd',9273848800,'\0'),(32,'Everardo','Volkman','janet14@example.org','8a18483aad3d2b6ce809fc9f518015b534f620a8',9337372444,'\0'),(33,'Allie','Bergstrom','kutch.cordie@example.org','1944ba0e986011c7409c1aa4d84485460acfd908',9100541439,''),(34,'Myrtis','Kihn','ankunding.kathryne@example.org','3ecc3a685dffa99f8146c6a25cfddf62e2cbd173',9290705764,'\0'),(35,'Angelo','West','mallie.thiel@example.com','2e528a01d2bfc95ab5481a874c6b00f603fec61a',9343313139,'\0'),(36,'Crystal','Orn','brennan.erdman@example.org','cc7368afa875ff8436ce6b6dc5cf9e35b86b0970',9274896670,''),(37,'Fausto','Kemmer','bayer.ivory@example.net','9b54f1efc9a9466e9ccef009526202bed382bb48',9475446559,''),(38,'Clarissa','Howe','vschinner@example.com','ee68d8d364f03c96379ebf3786259cb3cdd5bda1',9091983086,'\0'),(39,'Calista','King','kayden.lang@example.net','86ab13b69a032ea16cb7655a6a835e1063c0793b',9425664976,''),(40,'Rosalee','Fahey','qharvey@example.net','8d07599c98bee9afdc29be39965e3e7b30396042',9110278521,''),(41,'Claude','Tillman','mueller.beryl@example.com','045edbbc05461396e08ef5f5bea481cc2786ec4e',9357196145,''),(42,'Novella','Lubowitz','rodrigo53@example.com','b617108de5e53a3bfaee3843d2156610a369f4c1',9458760561,''),(43,'Demond','Powlowski','nreilly@example.org','eacea5759c9de4a0bbd78120e9d75a42e34ec2d7',9450161748,'\0'),(44,'Jolie','Torp','dalton.ernser@example.net','c682ba96e5abffee39a0c9879e88694e2dbb9e40',9281019488,''),(45,'Roderick','Kautzer','destiney17@example.com','852d10fefad09480f1b39ba00f514b022d58f925',9478538733,''),(46,'Elbert','McLaughlin','ystiedemann@example.net','6ce7d4ba95d1e40f595f16070a9bdbb2b66ca854',9265676209,''),(47,'Mia','Block','amalia.mccullough@example.org','d871c3c79afb3de4d4c20cf67a6e5c4e74b715fb',9435799851,''),(48,'Kaycee','McClure','myles.stoltenberg@example.org','89ac7c9ef73f8c57efaad4a4737ea2d583243448',9179828534,''),(49,'Ottilie','Wehner','bryana18@example.com','89a2dcb6f02ee7b790e23c0f6e0d177635065a35',9392449750,''),(50,'Eliza','Bahringer','legros.laurence@example.com','67af7bfb992768b4a8b012226495dce2d86b6a6d',9441444336,'\0'),(51,'Eriberto','Berge','nicholaus.stiedemann@example.com','705acfb7e6499c72a304b16c741a12974453f953',9295524456,'\0'),(52,'Jaunita','Gorczany','matteo.dietrich@example.net','ef6dbbdf51d1bf005dc68351bc7156cfdeefd583',9132666407,''),(53,'Colton','Brown','beryl.nader@example.net','932ca8e52146eb7fad8e576f4907c6796451031e',9361345928,'\0'),(54,'Tierra','Conroy','mayra22@example.net','0d13d33897b605435b5b1b4fcb541371d8624795',9168952893,''),(55,'Hilario','Terry','maggio.dee@example.com','5df1b7668ebc29582c022bc9ff71cc3ac19f9054',9289455741,'\0'),(56,'Jeanette','Ruecker','schimmel.anabel@example.net','dc4a4eff01cea874809e8e27040003d974d34b55',9098483634,''),(57,'Cortez','Blick','qwindler@example.org','31f475f50b3fdd879d402de7c1f6671bacf695c6',9473648990,'\0'),(58,'Robbie','Gerlach','queen56@example.net','d6ca985bffa8b5712cde27c5bbbc5c99b7616e28',9375148234,'\0'),(59,'Arch','Crooks','gluettgen@example.com','382aef4ae2097358bb3b5fb57c9d598c65809d9a',9131539851,''),(60,'Esperanza','Ratke','hoeger.katelyn@example.org','57f7e251ffdd01f27b860b0a083b4e9506376c53',9367293203,''),(61,'Jace','O\'Kon','parker.albina@example.org','f6e7ecfaf2618554f877ba8c2f42501d709cee2e',9235672833,''),(62,'Eldridge','Schowalter','crist.collin@example.com','7d9f60da04c371ea7990829c79aeba5971e37da1',9286551439,''),(63,'Finn','Marquardt','cade.rogahn@example.com','9e800ff696f6dbc82e801bf1685f3ac43db8dc8a',9416342836,''),(64,'Vada','Will','stehr.sadie@example.org','8f82f4a192164c16ff250ca97e470068c3232386',9440328064,'\0'),(65,'Genesis','Nader','angelita.kiehn@example.org','ef32830dfd2c656fd4454b2bda5859575bc3520a',9242891734,''),(66,'Ardith','Blanda','randy36@example.net','52dd3f23dfe55e499b8d9c24cb9c2a58d56a38f6',9152939455,''),(67,'Troy','Homenick','marcia.farrell@example.org','d5b7137af8dd053cb557f4ddd954b393c36f89e8',9260424529,''),(68,'Lincoln','West','bnienow@example.com','75009927642e273fb3839514003adea340df4711',9121352173,'\0'),(69,'Adolfo','McCullough','koepp.ibrahim@example.net','02954190ef170e90a2b100304a92a72142e5a0a2',9110401426,''),(70,'Edmund','Lindgren','don.dare@example.com','8f72cabeeb700f0a79845df5103a84631a271a2d',9266779457,''),(71,'Agnes','Koepp','mdooley@example.net','001eb033c5667b5b700a737aaa789fa69757728f',9294708385,'\0'),(72,'Sanford','Goldner','constantin.smith@example.com','33f7954f287352a7bc6cf85cfb5b1ae3bd0457ff',9306689783,''),(73,'Lorna','Ratke','hammes.fausto@example.com','05603309db2c056f7dbcc6673bc60f4e9a654be7',9124221069,'\0'),(74,'Ruben','Steuber','hintz.rhoda@example.net','2d4d193a00cce7eba50e769d62a7d0263faa8c35',9174775992,'\0'),(75,'Cecil','Johnston','haley.coy@example.com','cf19766a9221ed2cfdd6e99888a347f0d3f0d096',9487483793,'\0'),(76,'Malika','Cummerata','brigitte80@example.com','31fac808cb9ed76478ccfe29cc50cfc78ba27c66',9128885259,'\0'),(77,'Evangeline','Roberts','jbernhard@example.org','86007a49264236aead8065d38a367e65b03454bb',9274299196,''),(78,'Jeanie','Waelchi','aryanna.kuhn@example.org','b50211b44ec4e0334745c1867dc830b7097e3f33',9331965874,'\0'),(79,'Vilma','Purdy','wyman.jarred@example.org','ff9550408c8c27b57eb031b60171f0ddd9403d89',9384659650,'\0'),(80,'Dahlia','Spencer','daphne.walker@example.com','65816c04688bfd9eb1ae2d9dace1a65738c3e6d6',9482508914,''),(81,'Liliane','Schamberger','marta90@example.org','3cb81eeade1ef36a0a2f61890c0e740ebac360eb',9360002799,''),(82,'Chadd','Durgan','nernser@example.com','de46929c3bf4403e85aea17b62e22bd8744a231d',9359665225,'\0'),(83,'Wava','Rippin','antonette.okuneva@example.com','90fc1d596f8fcd3135550973e1016e0b1126b928',9203041260,'\0'),(84,'Freda','Mayert','sanford95@example.net','37522d8c7560420a3bc37fde641c17faddf45b66',9149446116,'\0'),(85,'Eden','Shanahan','konopelski.angie@example.org','4e6dbaaf00bcd558d42b1570c8262100ba31bb25',9118507959,'\0'),(86,'Ephraim','Walker','obreitenberg@example.org','f7228c839ab477c8f12e69d20f523abea2b98e6d',9250713869,''),(87,'Zachariah','Gorczany','kwiza@example.net','c36afdb8eb2463800923e243047bfbee86e9ca17',9188323602,''),(88,'Tamia','Yost','collins.crawford@example.com','8a01f49ac520ebddc9b6e8924fd5c09ffd066235',9324557259,'\0'),(89,'Weldon','Runolfsdottir','ivory.abbott@example.net','fe5a627d37c075a8e48b07b88ccbdb017e4b8f17',9292892367,'\0'),(90,'Dorothy','Lynch','juston91@example.net','f1384109bdd04e0220965eec96c4ac789a0388e4',9478941356,''),(91,'Raoul','Ritchie','jwisozk@example.com','a775ff04542d956bf4e631783e6cbdc91a01b509',9120985974,'\0'),(92,'Genoveva','Hodkiewicz','javon39@example.org','cff9edc1f8c91bfe45fea9714ad5dbc298ed8036',9197763370,'\0'),(93,'Forest','Marvin','jeramie15@example.com','e9d63283f0b87f55f3b2af28c194bdf0d8f4dfa7',9144162230,''),(94,'Lew','Miller','frederique16@example.net','ae2efa482be8c03908cd474f34986012ec3c4a56',9325687996,'\0'),(95,'Xavier','Wyman','ollie.kessler@example.org','ba85c2e43822277a0ca64b9f7dc20a936e9dec80',9235758635,''),(96,'Trycia','Lindgren','qstehr@example.net','22d00dbff0af1359e062bc0b98bfac33068f192c',9131100595,'\0'),(97,'Alexandrea','O\'Keefe','fisher.bobbie@example.net','ec253eb1a21fba690bee37e4a2f1f6b0995e1135',9448134563,''),(98,'Ramona','Wehner','rashad.beier@example.org','a4b093d5631ac7c6e6269495553d091910f55c0b',9208265896,''),(99,'Marilie','Weimann','keely.kihn@example.net','c7609363bef3cdd5358558f5511988d55d71ea45',9243244827,''),(100,'Chaz','Von','destini.donnelly@example.com','f7debd97141cc41a79db88c6cd7149065ffaffe5',9191742502,'');
/*!40000 ALTER TABLE `users` ENABLE KEYS */;
UNLOCK TABLES;

--
-- Table structure for table `users_communities`
--

DROP TABLE IF EXISTS `users_communities`;
/*!40101 SET @saved_cs_client     = @@character_set_client */;
/*!40101 SET character_set_client = utf8 */;
CREATE TABLE `users_communities` (
  `user_id` bigint(20) unsigned NOT NULL,
  `community_id` bigint(20) unsigned NOT NULL,
  PRIMARY KEY (`user_id`,`community_id`),
  KEY `community_id` (`community_id`),
  CONSTRAINT `users_communities_ibfk_1` FOREIGN KEY (`user_id`) REFERENCES `users` (`id`) ON DELETE CASCADE ON UPDATE CASCADE,
  CONSTRAINT `users_communities_ibfk_2` FOREIGN KEY (`community_id`) REFERENCES `communities` (`id`) ON DELETE CASCADE ON UPDATE CASCADE
) ENGINE=InnoDB DEFAULT CHARSET=utf8mb4 COLLATE=utf8mb4_unicode_ci;
/*!40101 SET character_set_client = @saved_cs_client */;

--
-- Dumping data for table `users_communities`
--

LOCK TABLES `users_communities` WRITE;
/*!40000 ALTER TABLE `users_communities` DISABLE KEYS */;
INSERT INTO `users_communities` VALUES (1,1),(2,2),(3,3),(4,4),(5,5),(6,6),(7,7),(8,8),(9,9),(10,10),(11,11),(12,12),(13,13),(14,14),(15,15),(16,16),(17,17),(18,18),(19,19),(20,20),(21,21),(22,22),(23,23),(24,24),(25,25),(26,26),(27,27),(28,28),(29,29),(30,30),(31,31),(32,32),(33,33),(34,34),(35,35),(36,36),(37,37),(38,38),(39,39),(40,40),(41,41),(42,42),(43,43),(44,44),(45,45),(46,46),(47,47),(48,48),(49,49),(50,50),(51,51),(52,52),(53,53),(54,54),(55,55),(56,56),(57,57),(58,58),(59,59),(60,60),(61,61),(62,62),(63,63),(64,64),(65,65),(66,66),(67,67),(68,68),(69,69),(70,70),(71,71),(72,72),(73,73),(74,74),(75,75),(76,76),(77,77),(78,78),(79,79),(80,80),(81,81),(82,82),(83,83),(84,84),(85,85),(86,86),(87,87),(88,88),(89,89),(90,90),(91,91),(92,92),(93,93),(94,94),(95,95),(96,96),(97,97),(98,98),(99,99),(100,100);
/*!40000 ALTER TABLE `users_communities` ENABLE KEYS */;
UNLOCK TABLES;

--
-- Table structure for table `video`
--

DROP TABLE IF EXISTS `video`;
/*!40101 SET @saved_cs_client     = @@character_set_client */;
/*!40101 SET character_set_client = utf8 */;
CREATE TABLE `video` (
  `id` bigint(20) unsigned NOT NULL AUTO_INCREMENT,
  `album_id` bigint(20) unsigned NOT NULL,
  `media_id` bigint(20) unsigned NOT NULL,
  PRIMARY KEY (`id`),
  KEY `album_id` (`album_id`),
  KEY `media_id` (`media_id`),
  CONSTRAINT `video_ibfk_1` FOREIGN KEY (`album_id`) REFERENCES `video_albums` (`id`) ON DELETE CASCADE ON UPDATE CASCADE,
  CONSTRAINT `video_ibfk_2` FOREIGN KEY (`media_id`) REFERENCES `media` (`id`) ON DELETE CASCADE ON UPDATE CASCADE
) ENGINE=InnoDB AUTO_INCREMENT=101 DEFAULT CHARSET=utf8mb4 COLLATE=utf8mb4_unicode_ci;
/*!40101 SET character_set_client = @saved_cs_client */;

--
-- Dumping data for table `video`
--

LOCK TABLES `video` WRITE;
/*!40000 ALTER TABLE `video` DISABLE KEYS */;
INSERT INTO `video` VALUES (1,1,1),(2,2,2),(3,3,3),(4,4,4),(5,5,5),(6,6,6),(7,7,7),(8,8,8),(9,9,9),(10,10,10),(11,11,11),(12,12,12),(13,13,13),(14,14,14),(15,15,15),(16,16,16),(17,17,17),(18,18,18),(19,19,19),(20,20,20),(21,21,21),(22,22,22),(23,23,23),(24,24,24),(25,25,25),(26,26,26),(27,27,27),(28,28,28),(29,29,29),(30,30,30),(31,31,31),(32,32,32),(33,33,33),(34,34,34),(35,35,35),(36,36,36),(37,37,37),(38,38,38),(39,39,39),(40,40,40),(41,41,41),(42,42,42),(43,43,43),(44,44,44),(45,45,45),(46,46,46),(47,47,47),(48,48,48),(49,49,49),(50,50,50),(51,51,51),(52,52,52),(53,53,53),(54,54,54),(55,55,55),(56,56,56),(57,57,57),(58,58,58),(59,59,59),(60,60,60),(61,61,61),(62,62,62),(63,63,63),(64,64,64),(65,65,65),(66,66,66),(67,67,67),(68,68,68),(69,69,69),(70,70,70),(71,71,71),(72,72,72),(73,73,73),(74,74,74),(75,75,75),(76,76,76),(77,77,77),(78,78,78),(79,79,79),(80,80,80),(81,81,81),(82,82,82),(83,83,83),(84,84,84),(85,85,85),(86,86,86),(87,87,87),(88,88,88),(89,89,89),(90,90,90),(91,91,91),(92,92,92),(93,93,93),(94,94,94),(95,95,95),(96,96,96),(97,97,97),(98,98,98),(99,99,99),(100,100,100);
/*!40000 ALTER TABLE `video` ENABLE KEYS */;
UNLOCK TABLES;

--
-- Table structure for table `video_albums`
--

DROP TABLE IF EXISTS `video_albums`;
/*!40101 SET @saved_cs_client     = @@character_set_client */;
/*!40101 SET character_set_client = utf8 */;
CREATE TABLE `video_albums` (
  `id` bigint(20) unsigned NOT NULL AUTO_INCREMENT,
  `name` varchar(255) COLLATE utf8mb4_unicode_ci DEFAULT NULL,
  `user_id` bigint(20) unsigned DEFAULT NULL,
  PRIMARY KEY (`id`),
  KEY `user_id` (`user_id`),
  CONSTRAINT `video_albums_ibfk_1` FOREIGN KEY (`user_id`) REFERENCES `users` (`id`) ON DELETE CASCADE ON UPDATE CASCADE
) ENGINE=InnoDB AUTO_INCREMENT=101 DEFAULT CHARSET=utf8mb4 COLLATE=utf8mb4_unicode_ci;
/*!40101 SET character_set_client = @saved_cs_client */;

--
-- Dumping data for table `video_albums`
--

LOCK TABLES `video_albums` WRITE;
/*!40000 ALTER TABLE `video_albums` DISABLE KEYS */;
INSERT INTO `video_albums` VALUES (1,'et',1),(2,'veritatis',2),(3,'nulla',3),(4,'cum',4),(5,'quisquam',5),(6,'id',6),(7,'optio',7),(8,'laborum',8),(9,'debitis',9),(10,'sed',10),(11,'earum',11),(12,'quasi',12),(13,'nam',13),(14,'est',14),(15,'dolor',15),(16,'est',16),(17,'sequi',17),(18,'et',18),(19,'repellat',19),(20,'dolorem',20),(21,'accusantium',21),(22,'debitis',22),(23,'qui',23),(24,'omnis',24),(25,'cum',25),(26,'sed',26),(27,'ut',27),(28,'maiores',28),(29,'et',29),(30,'debitis',30),(31,'architecto',31),(32,'inventore',32),(33,'rerum',33),(34,'ut',34),(35,'eaque',35),(36,'nihil',36),(37,'aspernatur',37),(38,'et',38),(39,'omnis',39),(40,'sed',40),(41,'debitis',41),(42,'hic',42),(43,'beatae',43),(44,'molestiae',44),(45,'placeat',45),(46,'a',46),(47,'laboriosam',47),(48,'repudiandae',48),(49,'sint',49),(50,'molestias',50),(51,'culpa',51),(52,'asperiores',52),(53,'facere',53),(54,'explicabo',54),(55,'fugiat',55),(56,'nostrum',56),(57,'at',57),(58,'assumenda',58),(59,'ut',59),(60,'consequatur',60),(61,'voluptatem',61),(62,'est',62),(63,'deleniti',63),(64,'ipsa',64),(65,'nihil',65),(66,'sint',66),(67,'quis',67),(68,'dolorem',68),(69,'libero',69),(70,'consequuntur',70),(71,'iure',71),(72,'vitae',72),(73,'est',73),(74,'laboriosam',74),(75,'non',75),(76,'ab',76),(77,'ut',77),(78,'sit',78),(79,'dolores',79),(80,'consequatur',80),(81,'perferendis',81),(82,'ad',82),(83,'voluptatem',83),(84,'tenetur',84),(85,'maxime',85),(86,'qui',86),(87,'magnam',87),(88,'qui',88),(89,'molestias',89),(90,'laboriosam',90),(91,'temporibus',91),(92,'modi',92),(93,'voluptas',93),(94,'odit',94),(95,'natus',95),(96,'ab',96),(97,'enim',97),(98,'commodi',98),(99,'expedita',99),(100,'aut',100);
/*!40000 ALTER TABLE `video_albums` ENABLE KEYS */;
UNLOCK TABLES;
/*!40103 SET TIME_ZONE=@OLD_TIME_ZONE */;

/*!40101 SET SQL_MODE=@OLD_SQL_MODE */;
/*!40014 SET FOREIGN_KEY_CHECKS=@OLD_FOREIGN_KEY_CHECKS */;
/*!40014 SET UNIQUE_CHECKS=@OLD_UNIQUE_CHECKS */;
/*!40101 SET CHARACTER_SET_CLIENT=@OLD_CHARACTER_SET_CLIENT */;
/*!40101 SET CHARACTER_SET_RESULTS=@OLD_CHARACTER_SET_RESULTS */;
/*!40101 SET COLLATION_CONNECTION=@OLD_COLLATION_CONNECTION */;
/*!40111 SET SQL_NOTES=@OLD_SQL_NOTES */;

-- Dump completed on 2021-03-29 13:32:53
